sensor ID,norm_secs (secs),time (days)
5.000000000000000000e+00,1.753076935991911114e+02,3.985810212161683012e+04
5.000000000000000000e+00,1.786153859312512964e+02,3.985810215990030702e+04
5.000000000000000000e+00,1.405769241125588906e+03,3.985812070334761665e+04
5.000000000000000000e+00,1.409076933457649147e+03,3.985812074163109355e+04
5.000000000000000000e+00,1.412384625789709389e+03,3.985812077991457045e+04
