sensor ID,norm_secs (secs),time (days)
5.000000000000000000e+00,6.274698821390159509e+01,4.100326401327528583e+04
5.000000000000000000e+00,4.983431853409342693e+03,4.100337422953509667e+04
5.000000000000000000e+00,4.986734326473231704e+03,4.100337426775816130e+04
5.000000000000000000e+00,4.990036799537121624e+03,4.100337430598123319e+04
