sensor ID,norm_secs (secs),time (days)
5.000000000000000000e+00,3.306376187949314982e+01,3.958445725768243574e+04
5.000000000000000000e+00,3.703141330503232780e+02,3.958446375998148142e+04
5.000000000000000000e+00,4.166033996816136664e+02,3.958446580906710005e+04
5.000000000000000000e+00,2.040034107964727355e+03,3.958457247145962901e+04
5.000000000000000000e+00,3.041866092913369812e+03,3.960445494868170499e+04
