sensor ID,norm_secs (secs),time (days)
5.000000000000000000e+00,3.636971903226213954e+01,3.958445729594582372e+04
5.000000000000000000e+00,1.319228899442962984e+03,3.958457244477878703e+04
5.000000000000000000e+00,1.808566937331580903e+03,3.960445491396876605e+04
5.000000000000000000e+00,1.811873275425422889e+03,3.960445495223657053e+04
