id,seconds,time
12,3434084560.746778,39746.34908271734
12,3434084561.4506407,39746.34909086389
12,3434084562.1545033,39746.349099010455
12,3434084562.858366,39746.34910715702
12,3434084563.5622287,39746.34911530357
12,3434084564.2660913,39746.349123450134
12,3434084564.969954,39746.34913159669
12,3434084565.6738167,39746.34913974325
12,3434084566.3776793,39746.34914788981
12,3434084567.081542,39746.34915603637
12,3434084567.7854047,39746.349164182924
12,3434084568.4892673,39746.34917232948
12,3434084569.19313,39746.34918047604
12,3434084569.8969927,39746.3491886226
12,3434084570.6008554,39746.34919676916
12,3434084571.304718,39746.349204915714
12,3434084572.0085807,39746.34921306227
12,3434084572.7124434,39746.34922120883
12,3434084573.416306,39746.34922935539
12,3434084574.1201687,39746.34923750195
12,3434084574.8240314,39746.34924564851
12,3434084575.527894,39746.34925379507
12,3434084576.2317567,39746.34926194163
12,3434084576.9356194,39746.34927008819
12,3434084577.639482,39746.349278234746
12,3434084578.3433447,39746.34928638131
12,3434084579.0472074,39746.34929452786
12,3434084579.75107,39746.349302674425
12,3434084580.4549327,39746.34931082098
12,3434084581.1587954,39746.34931896754
12,3434084581.862658,39746.3493271141
12,3434084582.5665207,39746.34933526066
12,3434084583.270384,39746.34934340722
12,3434084583.9742465,39746.34935155378
31,3434084595.236049,39746.349481898724
31,3434084595.939912,39746.34949004528
