id,seconds,time
75,3438576398.697985,39798.33794789335
75,3438576399.4026833,39798.337956049574
75,3438576400.107381,39798.3379642058
75,3438576400.812079,39798.337972362024
75,3438576401.516777,39798.33798051825
75,3438576402.221475,39798.33798867448
75,3438576402.926173,39798.337996830705
75,3438576403.6308713,39798.33800498694
75,3438576404.335569,39798.33801314316
75,3438576405.040267,39798.33802129939
75,3438576405.744965,39798.33802945561
75,3438576406.449663,39798.338037611844
75,3438576407.1543612,39798.33804576807
75,3438576407.859059,39798.338053924286
75,3438576408.563757,39798.33806208052
75,3438576409.268455,39798.33807023674
75,3438576409.973153,39798.338078392975
