id,seconds,time
70,3444194108.000002,39863.3577314815
70,3444194108.7047,39863.35773963773
70,3444194109.409398,39863.357747793954
70,3444194110.1140957,39863.35775595018
70,3444194110.818794,39863.35776410641
70,3444194111.523492,39863.357772262636
70,3444194112.22819,39863.35778041887
70,3444194112.932888,39863.3577885751
70,3444194113.6375856,39863.357796731325
70,3444194114.3422837,39863.35780488755
70,3444194115.046982,39863.357813043775
70,3444194115.75168,39863.3578212
70,3444194116.456378,39863.357829356224
70,3444194117.1610756,39863.35783751245
70,3444194117.8657737,39863.357845668674
70,3444194118.570472,39863.357853824906
