id,seconds,time
75,3438576440.641622,39798.33843335211
75,3438576441.3468246,39798.33844151418
75,3438576442.0520267,39798.33844967624
75,3438576442.757229,39798.3384578383
75,3438576443.4624314,39798.338466000365
75,3438576444.1676335,39798.338474162425
75,3438576444.872836,39798.33848232449
75,3438576445.578038,39798.33849048655
75,3438576446.2832403,39798.33849864861
75,3438576446.988443,39798.33850681068
75,3438576447.693645,39798.33851497274
75,3438576448.3988476,39798.33852313481
75,3438576449.1040497,39798.33853129687
75,3438576449.809252,39798.338539458935
75,3438576450.5144544,39798.338547621
75,3438576451.2196565,39798.33855578306
