id,seconds,time
65,3444036938.1227155,39861.53863567958
65,3444036938.8250656,39861.538643808635
65,3444036939.5274153,39861.53865193768
65,3444036940.229765,39861.53866006672
65,3444036940.932115,39861.538668195775
65,3444036941.6344647,39861.538676324824
65,3444036942.336815,39861.53868445387
65,3444036943.0391645,39861.53869258292
45,3444036943.741514,39861.53870071197
65,3444036943.741514,39861.53870071197
45,3444036944.4438643,39861.53870884102
65,3444036944.4438643,39861.53870884102
65,3444036945.146214,39861.53871697007
65,3444036945.848564,39861.538725099126
65,3444036946.550914,39861.53873322817
65,3444036947.253264,39861.538741357224
65,3444036947.9556136,39861.538749486266
65,3444036948.6579633,39861.538757615315
65,3444036949.3603134,39861.538765744364
65,3444036950.062663,39861.53877387341
65,3444036950.765013,39861.53878200246
65,3444036951.467363,39861.53879013151
65,3444036952.169713,39861.53879826057
65,3444036952.8720627,39861.53880638961
65,3444036953.5744123,39861.53881451866
65,3444036954.2767625,39861.53882264771
65,3444036954.979112,39861.53883077676
45,3444036955.6814623,39861.53883890581
65,3444036955.6814623,39861.53883890581
45,3444036956.383812,39861.53884703486
65,3444036956.383812,39861.53884703486
45,3444036957.086162,39861.53885516391
65,3444036957.086162,39861.53885516391
45,3444036957.7885118,39861.53886329296
65,3444036957.7885118,39861.53886329296
45,3444036958.4908614,39861.53887142201
65,3444036958.4908614,39861.53887142201
45,3444036959.1932116,39861.53887955106
65,3444036959.1932116,39861.53887955106
45,3444036959.895561,39861.53888768011
65,3444036959.895561,39861.53888768011
45,3444036960.5979114,39861.53889580916
65,3444036960.5979114,39861.53889580916
45,3444036961.300261,39861.538903938206
65,3444036961.300261,39861.538903938206
45,3444036962.0026107,39861.538912067255
65,3444036962.0026107,39861.538912067255
45,3444036962.704961,39861.53892019631
65,3444036962.704961,39861.53892019631
