id,seconds,time
75,3445568887.615384,39879.269532585466
75,3445568888.3205123,39879.269540746674
75,3445568889.0256405,39879.269548907876
75,3445568889.7307687,39879.269557069085
75,3445568890.435897,39879.26956523029
75,3445568891.1410255,39879.269573391495
75,3445568891.8461537,39879.269581552704
75,3445568892.551282,39879.26958971391
75,3445568893.25641,39879.269597875114
75,3445568893.9615383,39879.26960603632
75,3445568894.6666665,39879.26961419753
75,3445568895.3717947,39879.26962235873
75,3445568896.076923,39879.26963051994
75,3445568896.782051,39879.26963868115
75,3445568897.4871793,39879.26964684235
75,3445568898.1923075,39879.26965500356
75,3445568898.897436,39879.26966316477
75,3445568899.6025643,39879.26967132598
75,3445568900.3076925,39879.26967948718
75,3445568901.0128207,39879.26968764838
75,3445568901.717949,39879.26969580959
75,3445568902.423077,39879.2697039708
75,3445568903.1282053,39879.26971213201
75,3445568903.8333335,39879.26972029322
75,3445568904.5384617,39879.26972845442
75,3445568905.24359,39879.26973661562
75,3445568905.9487185,39879.26974477684
75,3445568906.6538467,39879.26975293804
75,3445568907.358975,39879.26976109925
75,3445568908.064103,39879.269769260456
75,3445568908.7692313,39879.26977742166
75,3445568909.4743595,39879.26978558287
0,3445568964.4743624,39879.27042215697
0,3445568965.1794906,39879.270430318174
0,3445568965.8846188,39879.27043847938
0,3445568966.589747,39879.27044664059
0,3445568967.294875,39879.270454801794
0,3445568968.0000033,39879.270462963
