id,seconds,time
22,3438587689.000001,39798.4686226852
47,3438587689.000001,39798.4686226852
22,3438587689.7068977,39798.468630866875
47,3438587689.7068977,39798.468630866875
47,3438587690.413794,39798.46863904854
47,3438587691.120691,39798.46864723021
47,3438587691.827587,39798.46865541189
47,3438587692.534484,39798.468663593565
47,3438587693.24138,39798.468671775234
47,3438587693.948277,39798.46867995691
47,3438587694.6551733,39798.46868813858
47,3438587695.36207,39798.468696320255
47,3438587696.0689664,39798.468704501924
47,3438587696.775863,39798.4687126836
47,3438587697.4827595,39798.46872086527
50,3438587702.4310355,39798.46877813699
50,3438587703.137932,39798.468786318655
50,3438587703.8448286,39798.46879450033
50,3438587704.551725,39798.468802682
50,3438587705.2586217,39798.46881086368
50,3438587705.965518,39798.468819045345
50,3438587706.672415,39798.46882722702
50,3438587707.379311,39798.46883540869
50,3438587708.086208,39798.46884359037
50,3438587708.793104,39798.46885177204
50,3438587709.500001,39798.46885995372
50,3438587710.2068973,39798.46886813539
50,3438587710.913794,39798.468876317056
64,3438587783.7241383,39798.46971902938
64,3438587784.4310346,39798.46972721105
64,3438587785.1379313,39798.469735392726
64,3438587785.8448277,39798.469743574395
64,3438587786.5517244,39798.46975175607
64,3438587787.2586207,39798.46975993774
64,3438587787.9655175,39798.469768119416
64,3438587788.672414,39798.469776301084
64,3438587789.3793106,39798.46978448276
64,3438587790.086207,39798.46979266443
64,3438587790.7931037,39798.469800846105
64,3438587791.5,39798.469809027774
64,3438587792.206897,39798.46981720945
64,3438587792.913793,39798.46982539112
64,3438587793.62069,39798.469833572795
64,3438587794.327586,39798.46984175447
64,3438587795.034483,39798.46984993615
64,3438587795.7413793,39798.46985811782
64,3438587796.448276,39798.4698662995
64,3438587797.1551723,39798.46987448117
64,3438587797.862069,39798.469882662845
64,3438587798.5689654,39798.46989084451
64,3438587799.275862,39798.46989902618
64,3438587799.9827585,39798.46990720785
64,3438587800.6896553,39798.46991538953
64,3438587801.3965516,39798.469923571196
64,3438587802.1034484,39798.46993175287
64,3438587808.465517,39798.47000538793
64,3438587809.172414,39798.470013569604
64,3438587809.87931,39798.47002175127
64,3438587810.586207,39798.47002993295
64,3438587811.293103,39798.470038114625
64,3438587812.0,39798.4700462963
