id,seconds,time
0,3445675493.0,39880.5033912037
0,3445675493.703349,39880.50339934432
0,3445675494.4066987,39880.50340748494
0,3445675495.110048,39880.50341562555
0,3445675495.813397,39880.50342376617
0,3445675496.5167465,39880.50343190679
0,3445675497.2200956,39880.5034400474
0,3445675497.923445,39880.50344818802
0,3445675498.6267943,39880.50345632863
0,3445675499.3301435,39880.50346446925
