id,seconds,time
45,3445760994.801323,39881.492995385684
45,3445760995.5099325,39881.49300358718
45,3445760996.2185416,39881.493011788676
65,3445760996.2185416,39881.493011788676
45,3445760996.927151,39881.49301999018
65,3445760996.927151,39881.49301999018
45,3445760997.6357603,39881.49302819167
65,3445760997.6357603,39881.49302819167
45,3445760998.3443694,39881.49303639316
65,3445760998.3443694,39881.49303639316
65,3445760999.052979,39881.49304459467
