id,seconds,time
75,3445413969.7741914,39877.47650201611
75,3445413970.4784923,39877.47651016773
75,3445413971.182793,39877.47651831937
75,3445413971.8870945,39877.476526471
75,3445413972.5913954,39877.476534622634
75,3445413973.2956967,39877.47654277427
75,3445413973.9999976,39877.4765509259
