id,seconds,time
15,3446158519.2232122,39886.09397249088
15,3446158519.9285693,39886.09398065474
15,3446158520.633927,39886.093988818604
15,3446158521.339284,39886.093996982454
15,3446158522.044641,39886.09400514631
15,3446158522.749998,39886.09401331017
15,3446158523.455355,39886.09402147402
72,3446158523.455355,39886.09402147402
15,3446158524.1607122,39886.094029637876
72,3446158524.1607122,39886.094029637876
15,3446158524.8660693,39886.094037801726
34,3446158524.8660693,39886.094037801726
72,3446158524.8660693,39886.094037801726
34,3446158525.571427,39886.09404596559
72,3446158525.571427,39886.09404596559
34,3446158526.276784,39886.09405412945
72,3446158526.276784,39886.09405412945
34,3446158526.982141,39886.0940622933
72,3446158526.982141,39886.0940622933
34,3446158527.687498,39886.094070457155
34,3446158528.392855,39886.094078621005
34,3446158529.0982122,39886.09408678486
19,3446158534.0357122,39886.094143931856
19,3446158534.7410693,39886.09415209571
19,3446158535.446427,39886.09416025957
19,3446158536.151784,39886.09416842342
19,3446158536.857141,39886.09417658728
19,3446158537.562498,39886.094184751135
19,3446158538.267855,39886.094192914985
19,3446158538.9732122,39886.09420107884
19,3446158539.6785693,39886.0942092427
73,3446158543.9107122,39886.094258225836
73,3446158544.6160693,39886.09426638969
73,3446158545.321427,39886.09427455355
73,3446158546.026784,39886.09428271741
73,3446158546.732141,39886.09429088126
73,3446158547.437498,39886.094299045115
73,3446158548.142855,39886.09430720897
73,3446158548.8482122,39886.09431537283
73,3446158549.5535693,39886.09432353669
73,3446158550.258927,39886.094331700544
73,3446158550.964284,39886.0943398644
73,3446158551.669641,39886.09434802826
73,3446158552.374998,39886.09435619211
73,3446158553.080355,39886.094364355966
73,3446158553.7857122,39886.09437251982
73,3446158554.4910693,39886.09438068367
73,3446158555.196427,39886.09438884754
73,3446158555.901784,39886.09439701139
73,3446158556.607141,39886.09440517524
73,3446158557.312498,39886.094413339095
73,3446158558.017855,39886.09442150295
