id,seconds,time
65,3445643696.213115,39880.13537283699
65,3445643696.9180336,39880.13538099576
45,3445643697.6229515,39880.13538915453
65,3445643697.6229515,39880.13538915453
45,3445643698.3278694,39880.1353973133
65,3445643698.3278694,39880.1353973133
45,3445643699.0327873,39880.13540547207
65,3445643699.0327873,39880.13540547207
45,3445643699.7377057,39880.13541363085
65,3445643699.7377057,39880.13541363085
45,3445643700.4426236,39880.13542178962
65,3445643700.4426236,39880.13542178962
45,3445643701.1475415,39880.135429948394
65,3445643701.1475415,39880.135429948394
45,3445643701.8524594,39880.135438107165
65,3445643701.8524594,39880.135438107165
45,3445643702.5573773,39880.135446265944
65,3445643702.5573773,39880.135446265944
45,3445643703.2622957,39880.135454424715
65,3445643703.2622957,39880.135454424715
45,3445643703.9672136,39880.13546258349
65,3445643703.9672136,39880.13546258349
45,3445643704.6721315,39880.135470742265
65,3445643704.6721315,39880.135470742265
75,3445643814.639343,39880.13674351091
75,3445643815.3442607,39880.136751669685
75,3445643816.0491786,39880.136759828456
75,3445643816.7540965,39880.13676798723
75,3445643817.459015,39880.136776146006
75,3445643818.163933,39880.13678430478
75,3445643818.8688507,39880.13679246355
75,3445643819.5737686,39880.13680062232
75,3445643820.2786865,39880.1368087811
75,3445643820.983605,39880.13681693987
75,3445643821.688523,39880.13682509864
