id,seconds,time
36,3446277771.601006,39887.474208344975
36,3446277772.3021846,39887.47421646047
36,3446277773.003363,39887.47422457596
36,3446277773.704541,39887.47423269145
36,3446277774.4057198,39887.47424080694
36,3446277775.1068983,39887.47424892244
36,3446277775.808077,39887.474257037924
36,3446277776.5092554,39887.47426515342
36,3446277777.2104335,39887.474273268905
36,3446277777.911612,39887.4742813844
36,3446277778.6127906,39887.47428949989
36,3446277779.313969,39887.47429761539
27,3446278237.1834974,39887.47959703122
27,3446278237.884676,39887.47960514671
27,3446278238.5858545,39887.47961326221
27,3446278239.2870326,39887.47962137769
27,3446278239.988211,39887.47962949319
27,3446278240.6893897,39887.479637608674
27,3446278241.3905683,39887.47964572417
27,3446278242.0917463,39887.479653839655
27,3446278242.792925,39887.47966195515
27,3446278243.4941034,39887.479670070636
27,3446278244.195282,39887.47967818613
27,3446278244.8964605,39887.47968630162
27,3446278245.5976386,39887.47969441711
27,3446278246.298817,39887.479702532604
27,3446278246.9999957,39887.4797106481
