id,seconds,time
45,3446456399.000001,39889.5416550926
65,3446456399.000001,39889.5416550926
65,3446456399.7061863,39889.54166326604
65,3446456400.412372,39889.54167143949
65,3446456401.1185575,39889.541679612936
65,3446456401.8247433,39889.54168778638
55,3446456424.4226804,39889.541949336584
55,3446456425.128866,39889.54195751003
55,3446456425.8350515,39889.54196568347
55,3446456426.541237,39889.54197385691
55,3446456427.2474227,39889.54198203035
55,3446456427.953608,39889.54199020379
55,3446456428.659794,39889.54199837724
55,3446456429.365979,39889.542006550684
55,3446456430.072165,39889.54201472413
55,3446456430.7783504,39889.54202289757
55,3446456431.4845357,39889.54203107101
