id,seconds,time
47,3446541819.59727,39890.53031941284
22,3446541820.300342,39890.53032755025
47,3446541820.300342,39890.53032755025
22,3446541821.0034137,39890.53033568766
47,3446541821.0034137,39890.53033568766
47,3446541821.7064853,39890.53034382506
47,3446541822.409557,39890.530351962465
47,3446541823.1126285,39890.53036009987
47,3446541823.8157005,39890.530368237276
47,3446541824.518772,39890.53037637468
47,3446541825.2218437,39890.53038451209
47,3446541825.9249153,39890.53039264949
47,3446541826.627987,39890.53040078689
47,3446541827.3310585,39890.53040892429
47,3446541828.0341306,39890.530417061695
47,3446541828.737202,39890.5304251991
47,3446541829.440274,39890.5304333365
47,3446541830.1433454,39890.5304414739
47,3446541830.846417,39890.53044961131
47,3446541831.549489,39890.53045774871
47,3446541832.2525606,39890.53046588611
