id,seconds,time
0,3446677491.2727275,39892.10059343435
0,3446677491.977273,39892.100601588805
0,3446677492.6818185,39892.10060974327
0,3446677493.386364,39892.100617897726
0,3446677494.090909,39892.10062605218
0,3446677494.7954545,39892.10063420665
0,3446677495.5,39892.10064236111
65,3446677533.545453,39892.10108270201
65,3446677534.2499986,39892.101090856464
65,3446677534.954544,39892.10109901093
45,3446677535.6590896,39892.10110716539
65,3446677535.6590896,39892.10110716539
45,3446677536.363635,39892.10111531985
65,3446677536.363635,39892.10111531985
45,3446677537.0681806,39892.10112347431
65,3446677537.0681806,39892.10112347431
65,3446677537.772726,39892.10113162878
65,3446677538.477271,39892.10113978323
65,3446677539.1818166,39892.10114793769
65,3446677539.886362,39892.101156092154
65,3446677540.5909076,39892.10116424661
65,3446677541.295453,39892.101172401075
65,3446677541.9999986,39892.10118055554
65,3446677542.704544,39892.10118871
65,3446677543.409089,39892.10119686446
65,3446677544.1136346,39892.101205018924
65,3446677544.81818,39892.10121317338
65,3446677545.5227256,39892.101221327845
65,3446677546.227271,39892.10122948231
65,3446677546.9318166,39892.101237636765
65,3446677547.636362,39892.10124579123
65,3446677548.340907,39892.101253945686
65,3446677549.0454526,39892.10126210014
65,3446677549.749998,39892.10127025461
65,3446677550.4545436,39892.10127840907
65,3446677551.159089,39892.10128656353
65,3446677551.8636346,39892.10129471799
65,3446677552.56818,39892.101302872456
65,3446677553.272725,39892.101311026905
65,3446677553.9772706,39892.10131918137
65,3446677554.681816,39892.10132733583
65,3446677555.3863616,39892.1013354903
65,3446677556.090907,39892.10134364476
64,3446677577.931815,39892.10159643304
