id,seconds,time
68,3446105152.868688,39885.47630635055
68,3446105153.575759,39885.476314534244
68,3446105154.2828293,39885.47632271793
68,3446105154.9899,39885.47633090162
68,3446105155.696971,39885.47633908531
68,3446105156.404042,39885.476347269
68,3446105157.111112,39885.47635545269
68,3446105157.818183,39885.47636363638
68,3446105158.525254,39885.47637182007
