id,seconds,time
59,3438991480.0588236,39803.14213031046
59,3438991480.764706,39803.14213848039
59,3438991481.470588,39803.14214665032
59,3438991482.1764708,39803.14215482026
59,3438991482.882353,39803.142162990196
59,3438991483.5882354,39803.14217116013
59,3438991484.2941175,39803.14217933006
59,3438991485.7058825,39803.142195669934
59,3438991486.4117646,39803.14220383987
59,3438991487.117647,39803.14221200981
59,3438991487.8235292,39803.14222017974
