id,seconds,time
59,3447575175.4258347,39902.49045631753
59,3447575176.129184,39902.49046445815
59,3447575176.8325334,39902.490472598765
59,3447575179.6459303,39902.49050516123
59,3447575180.3492794,39902.49051330185
59,3447575181.052629,39902.490521442465
59,3447575181.755978,39902.490529583076
59,3447575182.4593277,39902.4905377237
59,3447575183.162677,39902.49054586432
59,3447575183.866026,39902.49055400493
59,3447575184.5693755,39902.490562145555
59,3447575192.3062177,39902.49065169234
59,3447575193.009567,39902.490659832954
59,3447575193.712916,39902.490667973565
59,3447575194.4162655,39902.49067611418
59,3447575195.1196146,39902.49068425479
59,3447575195.822964,39902.49069239541
59,3447575196.5263133,39902.49070053603
59,3447575197.2296624,39902.49070867664
59,3447575197.933012,39902.490716817265
59,3447575198.636361,39902.49072495788
59,3447575199.33971,39902.49073309849
59,3447575200.04306,39902.49074123912
59,3447575200.746409,39902.49074937974
59,3447575201.449758,39902.49075752035
59,3447575202.1531076,39902.49076566097
59,3447575202.8564568,39902.49077380158
59,3447575203.5598063,39902.49078194221
59,3447575204.2631555,39902.49079008282
59,3447575204.9665046,39902.490798223436
59,3447575205.669854,39902.490806364054
59,3447575206.3732033,39902.49081450467
59,3447575207.0765524,39902.49082264528
59,3447575207.779902,39902.4908307859
59,3447575208.483251,39902.49083892652
59,3447575209.1866007,39902.490847067136
59,3447575209.88995,39902.490855207754
59,3447575210.593299,39902.490863348365
59,3447575211.2966485,39902.49087148898
59,3447575211.9999976,39902.4908796296
