id,seconds,time
47,3446541819.457055,39890.530317789984
22,3446541820.159509,39890.53032592024
47,3446541820.159509,39890.53032592024
22,3446541820.8619633,39890.530334050505
47,3446541820.8619633,39890.530334050505
47,3446541821.5644174,39890.53034218076
47,3446541822.266871,39890.53035031101
47,3446541822.969325,39890.53035844127
47,3446541823.671779,39890.53036657152
47,3446541824.3742332,39890.530374701775
47,3446541825.0766873,39890.53038283203
47,3446541825.779141,39890.53039096228
47,3446541826.481595,39890.53039909254
47,3446541827.184049,39890.530407222795
47,3446541827.886503,39890.530415353045
47,3446541828.5889573,39890.5304234833
47,3446541829.291411,39890.53043161355
47,3446541829.993865,39890.53043974381
47,3446541830.696319,39890.530447874065
47,3446541831.398773,39890.530456004315
47,3446541832.1012273,39890.53046413457
