id,seconds,time
22,3446626833.6563845,39891.514278430375
47,3446626833.6563845,39891.514278430375
22,3446626834.3590274,39891.514286562815
47,3446626834.3590274,39891.514286562815
22,3446626835.061671,39891.51429469526
47,3446626835.061671,39891.51429469526
22,3446626835.7643137,39891.5143028277
47,3446626835.7643137,39891.5143028277
22,3446626836.466957,39891.51431096015
47,3446626836.466957,39891.51431096015
22,3446626837.1696,39891.51431909259
47,3446626837.1696,39891.51431909259
47,3446626837.8722434,39891.514327225035
47,3446626838.574887,39891.51433535748
47,3446626839.2775297,39891.51434348993
47,3446626839.980173,39891.514351622376
47,3446626840.682816,39891.514359754816
47,3446626841.3854594,39891.51436788726
47,3446626842.0881023,39891.5143760197
47,3446626842.7907457,39891.51438415215
47,3446626843.4933887,39891.5143922846
47,3446626844.196032,39891.51440041704
47,3446626844.898675,39891.51440854948
47,3446626845.6013184,39891.51441668193
47,3446626846.3039613,39891.51442481437
47,3446626847.0066047,39891.51443294682
47,3446626847.7092476,39891.514441079256
47,3446626848.411891,39891.5144492117
47,3446626849.114534,39891.51445734414
47,3446626849.8171773,39891.51446547659
47,3446626850.51982,39891.51447360903
47,3446626851.2224636,39891.51448174148
