id,seconds,time
57,3447799599.3146863,39905.08795503109
57,3447799600.0209804,39905.08796320579
57,3447799600.727274,39905.08797138048
57,3447799601.4335675,39905.08797955518
57,3447799602.139861,39905.08798772987
57,3447799602.846155,39905.08799590457
57,3447799603.5524487,39905.08800407927
57,3447799604.2587423,39905.08801225396
57,3447799604.9650364,39905.088020428666
57,3447799605.67133,39905.08802860336
57,3447799606.3776236,39905.08803677805
57,3447799607.083917,39905.08804495274
57,3447799607.790211,39905.08805312744
