id,seconds,time
65,3446771892.8188424,39893.193203921786
65,3446771893.521741,39893.19321205719
65,3446771894.2246394,39893.19322019259
65,3446771894.927538,39893.19322832798
65,3446771895.6304364,39893.19323646338
45,3446771896.333335,39893.193244598784
65,3446771896.333335,39893.193244598784
45,3446771897.036234,39893.19325273419
65,3446771897.036234,39893.19325273419
45,3446771897.7391324,39893.193260869586
65,3446771897.7391324,39893.193260869586
45,3446771898.442031,39893.19326900499
65,3446771898.442031,39893.19326900499
45,3446771899.1449294,39893.19327714039
65,3446771899.1449294,39893.19327714039
45,3446771899.847828,39893.19328527579
65,3446771899.847828,39893.19328527579
45,3446771900.5507264,39893.19329341118
65,3446771900.5507264,39893.19329341118
45,3446771901.253625,39893.193301546584
65,3446771901.253625,39893.193301546584
45,3446771901.9565234,39893.193309681985
65,3446771901.9565234,39893.193309681985
45,3446771902.659422,39893.193317817386
65,3446771902.659422,39893.193317817386
45,3446771903.3623204,39893.19332595278
65,3446771903.3623204,39893.19332595278
45,3446771904.065219,39893.19333408818
65,3446771904.065219,39893.19333408818
65,3446771904.7681174,39893.19334222358
