id,seconds,time
73,3446776925.3278675,39893.251450554024
73,3446776926.0327854,39893.251458712795
73,3446776926.7377033,39893.251466871574
73,3446776927.4426217,39893.25147503035
73,3446776933.081966,39893.25154030053
73,3446776933.786884,39893.2515484593
73,3446776934.491802,39893.25155661808
73,3446776935.19672,39893.251564776845
73,3446776935.901638,39893.25157293562
73,3446776936.6065564,39893.251581094395
73,3446776937.3114743,39893.251589253174
73,3446776938.016392,39893.251597411945
73,3446776938.7213106,39893.251605570724
73,3446776939.4262285,39893.251613729495
73,3446776940.1311464,39893.251621888274
73,3446776940.8360643,39893.251630047045
73,3446776941.5409827,39893.251638205824
73,3446776942.2459006,39893.251646364595
73,3446776942.9508185,39893.25165452337
73,3446776943.655737,39893.251662682145
73,3446776944.360655,39893.25167084092
15,3446777016.262296,39893.25250303584
15,3446777016.967214,39893.25251119461
15,3446777017.672132,39893.25251935338
15,3446777018.37705,39893.25252751215
15,3446777019.0819683,39893.25253567093
15,3446777019.786886,39893.2525438297
15,3446777020.491804,39893.25255198847
15,3446777021.1967225,39893.25256014725
15,3446777021.9016404,39893.25256830602
15,3446777022.6065583,39893.252576464794
15,3446777023.3114767,39893.25258462357
15,3446777024.0163946,39893.252592782344
15,3446777024.7213125,39893.252600941116
15,3446777025.4262304,39893.25260909989
15,3446777026.131149,39893.252617258666
15,3446777026.8360667,39893.25262541744
15,3446777027.5409846,39893.252633576216
15,3446777028.245903,39893.25264173499
