id,seconds,time
46,3446876493.000003,39894.4038541667
46,3446876493.7080774,39894.40386236201
62,3446876519.906834,39894.40416558836
62,3446876520.6149087,39894.40417378367
62,3446876521.3229833,39894.40418197898
62,3446876522.031058,39894.40419017428
62,3446876522.7391324,39894.404198369586
62,3446876523.447207,39894.40420656489
62,3446876524.1552815,39894.4042147602
62,3446876524.8633556,39894.4042229555
62,3446876525.57143,39894.40423115081
62,3446876526.279505,39894.40423934611
62,3446876526.9875793,39894.404247541424
62,3446876527.695654,39894.404255736736
62,3446876528.4037285,39894.40426393204
43,3446876533.36025,39894.40432129919
43,3446876534.0683246,39894.4043294945
41,3446876534.776399,39894.404337689804
43,3446876534.776399,39894.404337689804
41,3446876535.4844737,39894.404345885116
43,3446876535.4844737,39894.404345885116
41,3446876536.192548,39894.40435408042
43,3446876536.192548,39894.40435408042
41,3446876536.9006224,39894.40436227572
43,3446876536.9006224,39894.40436227572
41,3446876537.608697,39894.40437047103
43,3446876537.608697,39894.40437047103
41,3446876538.3167715,39894.40437866634
43,3446876538.3167715,39894.40437866634
41,3446876539.024846,39894.40438686164
43,3446876539.024846,39894.40438686164
41,3446876539.7329206,39894.404395056954
43,3446876539.7329206,39894.404395056954
41,3446876540.440995,39894.40440325226
43,3446876540.440995,39894.40440325226
61,3446876546.1055913,39894.40446881471
61,3446876546.813666,39894.40447701002
61,3446876547.52174,39894.40448520533
10,3446876557.4347835,39894.40459993962
10,3446876558.142858,39894.40460813493
10,3446876558.850932,39894.404616330234
10,3446876559.5590067,39894.404624525545
10,3446876560.2670813,39894.40463272085
10,3446876560.975156,39894.40464091615
10,3446876561.6832304,39894.404649111464
10,3446876562.391305,39894.40465730677
10,3446876563.0993795,39894.40466550207
60,3446876588.5900617,39894.40496053312
60,3446876589.298136,39894.40496872843
60,3446876590.006211,39894.40497692374
60,3446876590.7142854,39894.40498511904
60,3446876591.42236,39894.404993314354
60,3446876592.1304345,39894.40500150966
60,3446876592.8385086,39894.40500970496
60,3446876593.546583,39894.40501790027
60,3446876594.2546577,39894.40502609558
60,3446876594.9627323,39894.40503429089
60,3446876595.670807,39894.40504248619
60,3446876596.3788815,39894.405050681504
60,3446876597.086956,39894.40505887681
