id,seconds,time
75,3447919755.0040164,39906.47864587982
75,3447919755.7068276,39906.47865401421
75,3447919756.409639,39906.4786621486
75,3447919757.11245,39906.47867028299
0,3447919779.6024103,39906.47893058346
0,3447919780.3052216,39906.478938717846
0,3447919781.008033,39906.478946852236
0,3447919781.710844,39906.478954986625
0,3447919782.4136553,39906.47896312101
0,3447919783.1164665,39906.4789712554
0,3447919783.8192782,39906.478979389794
0,3447919784.5220895,39906.478987524184
0,3447919785.2249007,39906.478995658574
0,3447919785.927712,39906.47900379296
0,3447919786.630523,39906.47901192735
0,3447919787.3333344,39906.47902006174
0,3447919788.0361457,39906.47902819613
0,3447919788.738957,39906.47903633052
0,3447919789.441768,39906.47904446491
0,3447919790.1445794,39906.4790525993
65,3447919835.827311,39906.47958133462
65,3447919836.5301223,39906.47958946901
65,3447919837.2329335,39906.4795976034
65,3447919837.935745,39906.47960573779
65,3447919838.638556,39906.47961387218
65,3447919839.3413672,39906.47962200657
65,3447919840.0441785,39906.47963014095
65,3447919840.7469897,39906.47963827534
65,3447919841.449801,39906.47964640973
65,3447919842.152612,39906.47965454412
65,3447919842.8554235,39906.47966267851
65,3447919843.5582347,39906.4796708129
65,3447919844.261046,39906.47967894729
65,3447919844.963857,39906.47968708168
65,3447919845.6666684,39906.47969521607
65,3447919846.3694797,39906.47970335046
65,3447919847.072291,39906.47971148485
