id,seconds,time
59,3447575175.45575,39902.49045666378
59,3447575176.15929,39902.49046480659
59,3447575176.8628297,39902.490472949416
59,3447575179.676989,39902.490505520705
59,3447575180.380529,39902.49051366353
59,3447575181.084069,39902.49052180635
59,3447575181.7876086,39902.49052994917
59,3447575182.4911485,39902.490538091995
59,3447575183.1946883,39902.49054623482
59,3447575183.898228,39902.49055437765
59,3447575184.601768,39902.49056252046
59,3447575192.340706,39902.4906520915
59,3447575193.0442457,39902.490660234325
59,3447575193.7477856,39902.49066837715
59,3447575194.4513254,39902.49067651997
59,3447575195.1548653,39902.49068466279
59,3447575195.858405,39902.49069280561
59,3447575196.561945,39902.49070094843
59,3447575197.265485,39902.49070909125
59,3447575197.9690247,39902.490717234075
59,3447575198.6725645,39902.4907253769
59,3447575199.3761044,39902.49073351972
59,3447575200.079644,39902.49074166255
59,3447575200.783184,39902.49074980537
59,3447575201.486724,39902.490757948195
59,3447575202.1902637,39902.49076609102
59,3447575202.8938036,39902.49077423384
59,3447575203.5973434,39902.49078237666
59,3447575204.3008833,39902.490790519485
59,3447575205.004423,39902.49079866231
59,3447575205.707963,39902.49080680513
59,3447575206.411503,39902.49081494795
59,3447575207.1150427,39902.490823090775
59,3447575207.8185825,39902.4908312336
59,3447575208.5221224,39902.49083937642
59,3447575209.225662,39902.49084751924
59,3447575209.929202,39902.49085566206
62,3447575209.929202,39902.49085566206
59,3447575210.632742,39902.49086380488
62,3447575210.632742,39902.49086380488
59,3447575211.336282,39902.4908719477
59,3447575212.0398216,39902.490880090525
59,3447575212.743361,39902.49088823335
59,3447575213.446901,39902.49089637617
59,3447575214.1504407,39902.49090451899
59,3447575214.8539805,39902.490912661815
59,3447575215.5575204,39902.49092080464
59,3447575216.26106,39902.49092894746
59,3447575216.9646,39902.49093709028
59,3447575217.66814,39902.490945233105
59,3447575218.37168,39902.49095337593
59,3447575219.0752196,39902.49096151875
59,3447575219.7787595,39902.49096966157
59,3447575220.4822993,39902.490977804395
59,3447575221.185839,39902.49098594722
59,3447575221.889379,39902.49099409003
59,3447575222.592919,39902.491002232855
59,3447575223.2964587,39902.49101037568
59,3447575223.9999986,39902.4910185185
