id,seconds,time
75,3448314807.8435373,39911.051016707606
75,3448314808.55102,39911.05102489606
75,3448314809.258503,39911.05103308453
75,3448314809.9659863,39911.05104127299
75,3448314810.673469,39911.05104946145
75,3448314811.380952,39911.05105764991
75,3448314812.088435,39911.05106583837
75,3448314812.795918,39911.05107402683
75,3448314813.5034013,39911.051082215294
75,3448314814.210884,39911.05109040375
75,3448314814.918367,39911.05109859221
75,3448314815.62585,39911.05110678067
75,3448314816.333333,39911.05111496913
75,3448314817.040816,39911.05112315759
75,3448314817.748299,39911.05113134605
75,3448314818.455782,39911.05113953452
75,3448314819.1632648,39911.051147722974
75,3448314819.870748,39911.05115591144
75,3448314820.578231,39911.051164099896
75,3448314821.285714,39911.05117228836
75,3448314821.993197,39911.05118047682
