id,seconds,time
68,3448360054.0000024,39911.5746990741
68,3448360054.7048483,39911.57470723204
68,3448360055.409694,39911.57471538998
68,3448360056.1145396,39911.574723547914
68,3448360056.8193855,39911.57473170585
68,3448360057.5242314,39911.57473986379
68,3448360058.2290773,39911.574748021725
68,3448360058.933923,39911.57475617966
68,3448360059.6387687,39911.5747643376
68,3448360060.3436146,39911.57477249554
