id,seconds,time
74,3448418119.092783,39912.24674875906
74,3448418119.798969,39912.24675693251
74,3448418120.505154,39912.24676510595
74,3448418121.21134,39912.246773279396
74,3448418121.9175253,39912.246781452835
74,3448418122.623711,39912.24678962628
74,3448418123.3298965,39912.24679779972
74,3448418124.0360823,39912.24680597317
74,3448418124.7422676,39912.246814146616
74,3448418125.4484534,39912.24682232006
74,3448418126.1546392,39912.24683049351
74,3448418126.8608246,39912.24683866696
74,3448418127.5670104,39912.246846840404
74,3448418128.2731957,39912.246855013844
74,3448418128.9793816,39912.24686318728
74,3448418129.685567,39912.24687136073
74,3448418130.3917527,39912.24687953418
74,3448418131.097938,39912.24688770762
74,3448418131.804124,39912.246895881064
74,3448418132.510309,39912.246904054504
74,3448418133.216495,39912.24691222795
74,3448418133.9226804,39912.24692040139
74,3448418134.628866,39912.24692857484
74,3448418135.3350515,39912.246936748284
74,3448418136.0412374,39912.24694492173
74,3448418136.7474227,39912.24695309517
74,3448418137.4536085,39912.24696126862
74,3448418138.159794,39912.24696944206
74,3448418138.8659797,39912.246977615505
74,3448418139.572165,39912.24698578895
74,3448418140.278351,39912.2469939624
74,3448418140.984536,39912.24700213584
74,3448418141.690722,39912.247010309286
74,3448418142.3969073,39912.247018482725
74,3448418143.103093,39912.24702665617
74,3448418143.809279,39912.24703482961
74,3448418144.5154643,39912.24704300306
74,3448418145.22165,39912.247051176506
74,3448418145.9278355,39912.247059349946
74,3448418146.6340213,39912.2470675234
74,3448418147.3402066,39912.24707569684
74,3448418148.0463924,39912.24708387029
74,3448418148.752578,39912.247092043726
74,3448418149.4587636,39912.24710021717
74,3448418150.164949,39912.24710839061
