id,seconds,time
27,3448418542.5649333,39912.2516500571
27,3448418543.272725,39912.25165824914
27,3448418543.9805174,39912.251666441174
27,3448418544.6883097,39912.25167463321
27,3448418545.396102,39912.251682825256
27,3448418546.103894,39912.25169101729
27,3448418546.8116865,39912.25169920934
27,3448418547.519479,39912.251707401374
27,3448418548.227271,39912.25171559341
27,3448418548.935063,39912.25172378545
27,3448418549.642855,39912.251731977485
27,3448418550.3506474,39912.25174016952
27,3448418551.0584397,39912.25174836157
27,3448418551.766232,39912.2517565536
27,3448418552.4740243,39912.25176474565
27,3448418553.1818166,39912.25177293769
27,3448418553.889609,39912.25178112973
27,3448418554.5974007,39912.25178932177
27,3448418555.305193,39912.25179751381
27,3448418556.012985,39912.251805705855
27,3448418556.7207775,39912.25181389789
27,3448418557.42857,39912.25182208994
27,3448418558.136362,39912.25183028197
27,3448418558.8441544,39912.25183847401
27,3448418559.551946,39912.25184666604
27,3448418560.2597384,39912.251854858085
27,3448418560.9675307,39912.25186305012
27,3448418561.675323,39912.251871242166
27,3448418562.3831153,39912.2518794342
27,3448418563.0909076,39912.25188762625
27,3448418563.7987,39912.251895818285
27,3448418564.506492,39912.25190401032
27,3448418565.214284,39912.25191220236
27,3448418565.922076,39912.251920394396
27,3448418566.6298685,39912.25192858643
27,3448418567.337661,39912.25193677848
27,3448418568.045453,39912.251944970514
27,3448418568.7532454,39912.25195316256
27,3448418569.4610376,39912.251961354596
27,3448418570.16883,39912.25196954664
27,3448418570.8766217,39912.25197773868
27,3448418571.584414,39912.25198593072
27,3448418572.2922063,39912.25199412276
27,3448418572.9999986,39912.2520023148
