id,seconds,time
50,3448582120.4225326,39914.14491229783
50,3448582121.126758,39914.14492044859
50,3448582121.830983,39914.14492859934
50,3448582122.5352087,39914.1449367501
