id,seconds,time
70,3448417123.90244,39912.235230352315
70,3448417124.609757,39912.23523853885
70,3448417125.317074,39912.23524672539
70,3448417126.024391,39912.23525491193
70,3448417126.731708,39912.23526309847
70,3448417127.4390254,39912.23527128501
70,3448417128.1463423,39912.235279471555
70,3448417128.8536596,39912.2352876581
70,3448417129.5609765,39912.235295844635
70,3448417130.2682934,39912.23530403118
70,3448417130.9756107,39912.23531221772
70,3448417131.6829276,39912.23532040426
70,3448417132.390245,39912.2353285908
