id,seconds,time
27,3448418542.7150526,39912.25165179459
27,3448418543.4193535,39912.251659946225
27,3448418544.1236544,39912.25166809785
27,3448418544.8279557,39912.251676249485
27,3448418545.5322566,39912.25168440112
27,3448418546.236558,39912.25169255275
27,3448418546.940859,39912.251700704386
27,3448418547.6451597,39912.25170885601
27,3448418548.349461,39912.25171700765
27,3448418549.053762,39912.25172515928
27,3448418549.7580633,39912.25173331091
27,3448418550.462364,39912.25174146254
27,3448418551.166665,39912.25174961417
27,3448418551.8709664,39912.25175776581
27,3448418552.5752673,39912.25176591744
27,3448418553.2795687,39912.25177406908
27,3448418553.9838696,39912.251782220716
27,3448418554.688171,39912.25179037235
27,3448418555.392472,39912.25179852398
27,3448418556.0967727,39912.25180667562
27,3448418556.801074,39912.25181482725
27,3448418557.505375,39912.251822978884
27,3448418558.2096763,39912.25183113052
27,3448418558.913977,39912.251839282144
27,3448418559.618278,39912.25184743377
27,3448418560.3225794,39912.25185558541
27,3448418561.0268803,39912.25186373704
27,3448418561.7311816,39912.25187188868
27,3448418562.4354825,39912.251880040305
27,3448418563.1397834,39912.25188819194
27,3448418563.8440847,39912.25189634357
27,3448418564.5483856,39912.2519044952
27,3448418565.252687,39912.25191264683
27,3448418565.956988,39912.251920798466
27,3448418566.6612887,39912.25192895009
27,3448418567.36559,39912.25193710173
27,3448418568.069891,39912.25194525336
27,3448418568.7741923,39912.251953405
27,3448418569.478493,39912.251961556634
27,3448418570.182794,39912.25196970826
27,3448418570.8870955,39912.2519778599
27,3448418571.5913963,39912.251986011535
27,3448418572.2956977,39912.25199416317
27,3448418572.9999986,39912.2520023148
