id,seconds,time
71,3448421917.861739,39912.290715992356
71,3448421918.565919,39912.290724142586
71,3448421936.8746014,39912.29093604862
71,3448421937.5787816,39912.29094419886
71,3448421938.2829614,39912.29095234909
71,3448421938.9871416,39912.290960499326
71,3448421939.691322,39912.290968649555
71,3448421940.3955016,39912.290976799784
71,3448421941.099682,39912.29098495002
71,3448421941.803862,39912.29099310026
71,3448421942.508042,39912.29100125049
71,3448421943.212222,39912.29100940072
71,3448421943.9164023,39912.291017550946
71,3448421944.620582,39912.291025701175
71,3448421945.3247623,39912.29103385141
71,3448421946.0289426,39912.29104200165
71,3448421946.7331223,39912.29105015188
71,3448421947.4373026,39912.291058302115
71,3448421948.141483,39912.29106645235
71,3448421948.8456626,39912.29107460258
71,3448421949.549843,39912.29108275282
71,3448421950.254023,39912.29109090305
71,3448421950.958203,39912.29109905328
71,3448421951.662383,39912.29110720351
71,3448421952.3665633,39912.29111535374
71,3448421953.070743,39912.29112350397
71,3448421953.7749233,39912.2911316542
71,3448421954.4791036,39912.29113980444
71,3448421955.1832833,39912.29114795466
71,3448421955.8874636,39912.2911561049
71,3448421956.591644,39912.29116425513
71,3448421957.2958236,39912.29117240536
71,3448421958.000004,39912.2911805556
