id,seconds,time
74,3448693279.52041,39915.43147593067
74,3448693280.2244916,39915.43148407977
74,3448693280.928573,39915.43149222886
74,3448693281.6326547,39915.431500377956
74,3448693282.3367367,39915.43150852705
74,3448693283.040818,39915.43151667614
74,3448693283.7448997,39915.43152482523
74,3448693284.4489813,39915.43153297432
74,3448693285.153063,39915.43154112341
74,3448693285.8571444,39915.4315492725
74,3448693286.5612264,39915.4315574216
74,3448693287.265308,39915.43156557069
74,3448693287.9693894,39915.43157371978
74,3448693288.673471,39915.43158186888
74,3448693289.3775525,39915.431590017964
74,3448693290.0816345,39915.431598167066
74,3448693290.785716,39915.43160631616
