id,seconds,time
1,3448536806.1688285,39913.62044176885
1,3448536806.876621,39913.620449960894
1,3448536807.5844126,39913.620458152924
1,3448536808.292205,39913.62046634496
1,3448536808.999997,39913.620474537
