id,seconds,time
20,3448960187.999996,39918.5206944444
20,3448960188.705199,39918.52070260647
20,3448960189.410401,39918.52071076853
20,3448960190.1156034,39918.520718930595
20,3448960190.8208055,39918.520727092655
67,3448960196.4624243,39918.52079238917
67,3448960197.167627,39918.52080055124
67,3448960197.872829,39918.5208087133
67,3448960198.5780315,39918.52081687537
