id,seconds,time
50,3448582120.5373106,39914.14491362628
50,3448582121.2388034,39914.14492174541
50,3448582121.9402957,39914.14492986453
50,3448582122.6417885,39914.14493798366
