id,seconds,time
30,3449219300.9999995,39921.5196875
30,3449219301.7065864,39921.519695678086
30,3449219302.413173,39921.51970385617
30,3449219303.11976,39921.51971203426
30,3449219303.826347,39921.519720212345
30,3449219304.5329337,39921.519728390434
30,3449219305.2395205,39921.51973656852
2,3449219305.9461074,39921.51974474661
2,3449219306.652694,39921.5197529247
2,3449219307.3592806,39921.51976110278
2,3449219308.0658674,39921.51976928087
2,3449219308.7724543,39921.51977745896
2,3449219309.479041,39921.51978563705
2,3449219310.185628,39921.51979381514
2,3449219310.892215,39921.51980199323
68,3449219322.9041905,39921.51994102072
68,3449219323.6107774,39921.51994919881
68,3449219324.317364,39921.5199573769
68,3449219325.023951,39921.519965554995
68,3449219325.730538,39921.51997373308
68,3449219326.4371247,39921.519981911166
68,3449219327.1437116,39921.519990089255
68,3449219327.8502984,39921.519998267344
68,3449219328.5568852,39921.52000644543
68,3449219329.263472,39921.52001462352
68,3449219329.970059,39921.520022801604
68,3449219330.6766453,39921.520030979686
68,3449219331.383232,39921.520039157775
