id,seconds,time
75,3448671708.5358233,39915.18181175722
75,3448671709.2398734,39915.18181990594
75,3448671709.943923,39915.181828054665
75,3448671710.647973,39915.181836203396
75,3448671711.3520226,39915.18184435212
75,3448671712.0560727,39915.18185250084
75,3448671712.7601223,39915.181860649565
75,3448671713.4641724,39915.181868798296
75,3448671714.168222,39915.18187694701
75,3448671714.872272,39915.18188509574
75,3448671715.5763216,39915.181893244466
