id,seconds,time
58,3449291574.4999957,39922.35618634254
58,3449291575.204541,39922.356194497006
58,3449291575.9090867,39922.35620265147
58,3449291576.613632,39922.356210805934
58,3449291577.3181777,39922.35621896039
58,3449291578.022723,39922.356227114855
58,3449291578.7272687,39922.35623526931
58,3449291579.431814,39922.356243423776
58,3449291580.1363597,39922.35625157824
58,3449291580.840905,39922.3562597327
58,3449291581.5454507,39922.35626788716
58,3449291582.249996,39922.356276041624
58,3449291582.954541,39922.356284196074
58,3449291583.6590867,39922.35629235054
58,3449291584.363632,39922.356300505
58,3449291585.0681777,39922.356308659466
58,3449291585.772723,39922.35631681392
58,3449291586.4772687,39922.35632496839
58,3449291587.181814,39922.35633312285
58,3449291587.8863597,39922.356341277315
58,3449291588.590905,39922.35634943177
58,3449291589.2954507,39922.356357586235
58,3449291589.999996,39922.35636574069
58,3449291590.7045417,39922.356373895156
58,3449291591.409087,39922.35638204962
58,3449291592.113632,39922.35639020408
58,3449291592.8181777,39922.35639835854
58,3449291593.522723,39922.356406513005
58,3449291594.2272687,39922.35641466746
