id,seconds,time
45,3439243495.1156454,39806.0589712459
65,3439243495.1156454,39806.0589712459
45,3439243495.8231287,39806.05897943436
65,3439243495.8231287,39806.05897943436
45,3439243496.5306115,39806.05898762282
65,3439243496.5306115,39806.05898762282
45,3439243497.2380943,39806.058995811276
65,3439243497.2380943,39806.058995811276
45,3439243497.9455776,39806.05900399974
