id,seconds,time
36,3439353528.352939,39807.33250408494
36,3439353529.058821,39807.33251225487
36,3439353529.7647038,39807.33252042481
36,3439353530.470586,39807.33252859474
36,3439353531.1764684,39807.33253676468
36,3439353531.8823504,39807.33254493461
36,3439353532.588233,39807.33255310455
36,3439353533.294115,39807.33256127448
36,3439353533.9999976,39807.33256944442
36,3439353534.7058797,39807.332577614354
36,3439353535.411762,39807.33258578429
36,3439353536.1176443,39807.33259395422
36,3439353536.823527,39807.33260212415
36,3439353537.5294094,39807.33261029409
36,3439353538.2352915,39807.33261846402
36,3439353538.941174,39807.33262663396
