id,seconds,time
65,3450248117.1284013,39933.42728157872
65,3450248117.8326817,39933.42728973011
45,3450248118.5369616,39933.4272978815
65,3450248118.5369616,39933.4272978815
45,3450248119.241242,39933.42730603289
65,3450248119.241242,39933.42730603289
45,3450248119.945522,39933.42731418428
65,3450248119.945522,39933.42731418428
45,3450248120.649802,39933.42732233567
65,3450248120.649802,39933.42732233567
45,3450248121.354082,39933.42733048706
65,3450248121.354082,39933.42733048706
45,3450248122.0583625,39933.42733863845
65,3450248122.0583625,39933.42733863845
45,3450248122.7626424,39933.427346789846
65,3450248122.7626424,39933.427346789846
45,3450248123.4669228,39933.42735494124
65,3450248123.4669228,39933.42735494124
45,3450248124.1712027,39933.427363092625
65,3450248124.1712027,39933.427363092625
65,3450248124.875483,39933.42737124402
65,3450248125.579763,39933.427379395405
65,3450248126.2840433,39933.4273875468
