id,seconds,time
75,3451195844.9913073,39944.39635406606
75,3451195845.695655,39944.396362218235
75,3451195846.400003,39944.39637037041
75,3451195847.1043506,39944.39637852258
75,3451195847.808698,39944.39638667474
75,3451195848.5130463,39944.39639482692
75,3451195849.217394,39944.396402979095
75,3451195849.921742,39944.39641113127
75,3451195850.6260896,39944.39641928344
75,3451195851.3304377,39944.39642743562
75,3451195852.0347853,39944.39643558779
75,3451195852.7391334,39944.39644373997
75,3451195853.443481,39944.39645189214
75,3451195854.147829,39944.39646004432
75,3451195854.8521767,39944.39646819649
75,3451195855.5565243,39944.396476348666
75,3451195856.2608724,39944.39648450084
75,3451195856.96522,39944.39649265301
75,3451195857.669568,39944.39650080518
75,3451195858.3739157,39944.396508957354
75,3451195859.0782638,39944.39651710953
75,3451195859.7826114,39944.396525261705
75,3451195860.4869595,39944.396533413885
75,3451195861.191307,39944.39654156606
75,3451195861.8956547,39944.39654971823
75,3451195862.600003,39944.3965578704
75,3451195863.3043504,39944.39656602257
75,3451195900.634785,39944.39699808779
75,3451195901.3391333,39944.39700623997
75,3451195902.043481,39944.39701439215
75,3451195902.7478285,39944.39702254431
75,3451195903.4521766,39944.39703069649
75,3451195904.156524,39944.39703884866
75,3451195904.8608723,39944.397047000835
75,3451195905.56522,39944.39705515301
75,3451195906.269568,39944.39706330519
75,3451195906.9739156,39944.39707145736
75,3451195907.6782637,39944.39707960953
75,3451195908.3826113,39944.3970877617
75,3451195909.086959,39944.397095913875
75,3451195909.791307,39944.397104066054
75,3451195910.4956546,39944.39711221823
75,3451195911.2000027,39944.3971203704
75,3451195911.9043503,39944.39712852257
75,3451195912.6086984,39944.39713667475
75,3451195913.313046,39944.39714482692
75,3451195914.017394,39944.397152979094
75,3451195914.7217417,39944.397161131266
75,3451195915.4260893,39944.39716928344
75,3451195916.1304374,39944.39717743562
75,3451195916.834785,39944.39718558779
75,3451195917.539133,39944.39719373997
75,3451195918.2434807,39944.39720189214
75,3451195918.947829,39944.39721004432
75,3451195919.6521764,39944.39721819649
75,3451195920.3565245,39944.397226348665
75,3451195921.060872,39944.39723450084
75,3451195921.76522,39944.397242653016
75,3451195922.469568,39944.39725080519
