id,seconds,time
0,3450684327.337421,39938.47601084978
0,3450684328.0429425,39938.47601901554
0,3450684328.748464,39938.4760271813
0,3450684329.4539857,39938.476035347056
0,3450684330.159507,39938.47604351281
0,3450684330.8650284,39938.47605167857
0,3450684331.57055,39938.47605984433
65,3450684366.8466234,39938.47646813221
65,3450684367.5521445,39938.47647629797
65,3450684368.257666,39938.47648446373
65,3450684368.9631877,39938.47649262949
45,3450684369.6687093,39938.476500795245
65,3450684369.6687093,39938.476500795245
45,3450684370.3742304,39938.476508961
65,3450684370.3742304,39938.476508961
65,3450684371.079752,39938.47651712676
65,3450684371.7852736,39938.47652529251
65,3450684372.490795,39938.47653345828
65,3450684373.1963162,39938.47654162403
65,3450684373.901838,39938.47654978979
65,3450684374.6073594,39938.47655795555
