id,seconds,time
73,3452566094.0,39960.2557175926
73,3452566094.7040358,39960.25572574116
73,3452566115.121076,39960.255962049494
73,3452566115.825112,39960.25597019805
73,3452566116.5291476,39960.25597834661
73,3452566117.2331834,39960.255986495176
73,3452566117.9372196,39960.25599464374
73,3452566118.6412554,39960.2560027923
