id,seconds,time
75,3452676855.459142,39961.53767892526
75,3452676856.1634226,39961.537687076656
75,3452676856.867703,39961.53769522805
75,3452676857.571983,39961.537703379436
75,3452676858.276263,39961.53771153082
75,3452676858.980543,39961.53771968221
75,3452676859.6848235,39961.5377278336
75,3452676860.3891034,39961.53773598499
