id,seconds,time
37,3450766919.999996,39939.4319444444
4,3450766927.0921955,39939.43202653004
4,3450766927.8014154,39939.43203473861
4,3450766928.5106354,39939.43204294717
4,3450766929.2198553,39939.43205115574
4,3450766929.9290752,39939.4320593643
4,3450766930.6382947,39939.43206757286
4,3450766931.3475146,39939.43207578142
20,3450767015.035465,39939.433044391946
20,3450767015.7446847,39939.433052600514
20,3450767016.4539046,39939.433060809075
20,3450767017.1631246,39939.43306901764
20,3450767017.8723445,39939.43307722621
20,3450767018.5815644,39939.43308543477
39,3450767018.5815644,39939.43308543477
20,3450767019.2907844,39939.43309364334
33,3450767019.2907844,39939.43309364334
39,3450767019.2907844,39939.43309364334
33,3450767020.0000043,39939.4331018519
39,3450767020.0000043,39939.4331018519
