id,seconds,time
75,3452756751.999999,39962.4624074074
75,3452756752.7044015,39962.46241556021
75,3452756753.408804,39962.46242371301
