id,seconds,time
75,3451195849.760506,39944.396409265115
75,3451195850.462187,39944.396417386415
75,3451195851.1638675,39944.39642550772
75,3451195851.865548,39944.39643362902
75,3451195852.567229,39944.39644175033
75,3451195853.2689095,39944.39644987164
75,3451195853.97059,39944.39645799294
75,3451195854.672271,39944.396466114245
75,3451195855.3739514,39944.39647423555
75,3451195856.075632,39944.39648235686
75,3451195856.7773128,39944.39649047816
75,3451195857.4789934,39944.39649859946
75,3451195858.180674,39944.39650672076
75,3451195858.8823547,39944.39651484207
75,3451195859.5840354,39944.396522963376
75,3451195860.285716,39944.396531084676
75,3451195860.9873967,39944.39653920598
75,3451195903.789917,39944.39703460552
75,3451195904.4915977,39944.39704272683
75,3451195905.1932783,39944.39705084813
75,3451195905.894959,39944.397058969436
75,3451195906.5966396,39944.39706709074
75,3451195907.2983203,39944.397075212044
75,3451195908.000001,39944.397083333344
75,3451195908.701682,39944.39709145465
75,3451195909.4033628,39944.39709957596
75,3451195910.1050434,39944.39710769726
75,3451195910.806724,39944.39711581857
75,3451195911.5084047,39944.39712393987
75,3451195912.2100854,39944.397132061174
75,3451195912.911766,39944.397140182475
75,3451195913.6134467,39944.39714830378
75,3451195914.3151274,39944.39715642508
75,3451195915.016808,39944.39716454639
75,3451195915.7184887,39944.3971726677
75,3451195916.4201694,39944.397180789
