id,seconds,time
33,3452052069.999996,39954.3063657407
39,3452052069.999996,39954.3063657407
33,3452052070.7062464,39954.306373914886
39,3452052070.7062464,39954.306373914886
33,3452052071.412496,39954.306382089075
39,3452052071.412496,39954.306382089075
33,3452052072.1187463,39954.30639026327
39,3452052072.1187463,39954.30639026327
33,3452052072.8249965,39954.30639843746
39,3452052072.8249965,39954.30639843746
33,3452052073.531246,39954.30640661164
39,3452052073.531246,39954.30640661164
33,3452052074.2374964,39954.30641478584
39,3452052074.2374964,39954.30641478584
67,3452052074.2374964,39954.30641478584
33,3452052074.9437466,39954.30642296003
39,3452052074.9437466,39954.30642296003
67,3452052074.9437466,39954.30642296003
67,3452052075.6499963,39954.30643113421
67,3452052076.3562465,39954.306439308406
67,3452052077.062496,39954.30644748259
67,3452052077.7687464,39954.306455656784
67,3452052078.4749966,39954.30646383098
67,3452052079.1812463,39954.30647200516
67,3452052079.8874965,39954.30648017936
4,3452052158.2812486,39954.307387514455
4,3452052158.9874988,39954.307395688644
4,3452052159.693749,39954.30740386283
4,3452052160.3999987,39954.30741203702
4,3452052161.106249,39954.30742021121
4,3452052161.812499,39954.30742838541
4,3452052162.5187488,39954.30743655959
4,3452052163.224999,39954.307444733786
4,3452052163.931249,39954.307452907975
4,3452052164.637499,39954.307461082164
4,3452052165.343749,39954.30746925635
4,3452052166.049999,39954.30747743054
4,3452052166.756249,39954.30748560473
4,3452052167.462499,39954.30749377892
4,3452052168.168749,39954.30750195311
4,3452052168.874999,39954.307510127306
4,3452052169.581249,39954.307518301495
4,3452052170.287499,39954.307526475684
4,3452052170.993749,39954.30753464987
4,3452052171.6999993,39954.30754282407
4,3452052172.406249,39954.30755099825
4,3452052173.112499,39954.30755917244
4,3452052173.8187494,39954.30756734664
4,3452052174.524999,39954.30757552082
4,3452052175.2312493,39954.307583695016
4,3452052175.9374995,39954.307591869205
4,3452052176.643749,39954.307600043394
4,3452052177.3499994,39954.30760821759
4,3452052178.056249,39954.30761639177
4,3452052178.7624993,39954.30762456596
4,3452052179.4687495,39954.30763274016
4,3452052180.174999,39954.30764091435
4,3452052180.8812494,39954.307649088536
4,3452052181.5874996,39954.30765726273
4,3452052182.2937493,39954.307665436914
