id,seconds,time
65,3453335742.588232,39969.1636873638
65,3453335743.2941146,39969.16369553373
65,3453335743.9999967,39969.16370370366
65,3453335744.705879,39969.1637118736
65,3453335745.4117618,39969.16372004354
65,3453335746.117644,39969.16372821347
65,3453335746.8235264,39969.16373638341
65,3453335747.5294085,39969.16374455334
65,3453335748.235291,39969.163752723274
65,3453335748.9411736,39969.163760893214
65,3453335749.6470556,39969.16376906314
65,3453335750.352938,39969.16377723308
65,3453335751.0588207,39969.16378540301
45,3453335751.764703,39969.163793572945
65,3453335751.764703,39969.163793572945
45,3453335752.4705853,39969.163801742885
65,3453335752.4705853,39969.163801742885
45,3453335753.1764674,39969.16380991282
65,3453335753.1764674,39969.16380991282
45,3453335753.88235,39969.16381808275
65,3453335753.88235,39969.16381808275
45,3453335754.5882325,39969.16382625269
65,3453335754.5882325,39969.16382625269
45,3453335755.2941146,39969.16383442262
65,3453335755.2941146,39969.16383442262
45,3453335755.999997,39969.16384259256
65,3453335755.999997,39969.16384259256
45,3453335756.7058797,39969.163850762496
65,3453335756.7058797,39969.163850762496
45,3453335757.4117618,39969.16385893243
65,3453335757.4117618,39969.16385893243
45,3453335758.1176443,39969.16386710236
65,3453335758.1176443,39969.16386710236
45,3453335758.8235264,39969.163875272294
65,3453335758.8235264,39969.163875272294
45,3453335759.529409,39969.163883442234
65,3453335759.529409,39969.163883442234
65,3453335760.2352915,39969.16389161217
65,3453335760.9411736,39969.1638997821
