id,seconds,time
60,3439434575.2028966,39808.27054632982
60,3439434575.9082108,39808.27055449318
60,3439434576.6135244,39808.27056265654
60,3439434577.3188386,39808.27057081989
60,3439434578.0241528,39808.27057898325
