id,seconds,time
65,3454147851.060773,39978.563090981166
65,3454147851.7679553,39978.563099166146
65,3454147852.4751377,39978.563107351125
65,3454147853.1823196,39978.563115536104
65,3454147853.889502,39978.56312372109
65,3454147854.5966845,39978.56313190607
65,3454147855.303867,39978.56314009105
65,3454147856.011049,39978.56314827603
65,3454147856.718231,39978.56315646101
65,3454147857.4254136,39978.56316464599
65,3454147858.132596,39978.563172830975
65,3454147858.839778,39978.56318101595
65,3454147859.5469604,39978.56318920093
65,3454147860.2541428,39978.56319738591
65,3454147860.9613247,39978.563205570885
65,3454147861.668507,39978.563213755864
65,3454147862.3756895,39978.56322194085
65,3454147863.082872,39978.56323012583
