id,seconds,time
75,3453018438.8378377,39965.49119025275
75,3453018439.54054,39965.491198385884
75,3453018440.243243,39965.491206519015
75,3453018440.9459457,39965.491214652146
75,3453018441.6486483,39965.49122278528
75,3453018442.3513513,39965.491230918415
75,3453018443.054054,39965.491239051546
75,3453018443.7567563,39965.49124718468
75,3453018444.4594593,39965.491255317815
75,3453018445.162162,39965.491263450946
75,3453018445.864865,39965.491271584084
75,3453018446.5675673,39965.491279717215
75,3453018447.27027,39965.491287850346
75,3453018447.972973,39965.491295983484
75,3453018448.6756754,39965.491304116615
75,3453018449.3783784,39965.49131224975
75,3453018450.081081,39965.491320382884
75,3453018450.7837834,39965.491328516015
75,3453018451.4864864,39965.49133664915
75,3453018452.189189,39965.491344782284
