id,seconds,time
65,3453163244.726709,39967.167184336904
65,3453163245.4347835,39967.167192532215
65,3453163246.142858,39967.16720072752
65,3453163246.8509326,39967.16720892283
55,3453163273.757764,39967.16752034449
55,3453163274.4658384,39967.167528539794
55,3453163275.173913,39967.167536735105
55,3453163275.8819876,39967.16754493041
55,3453163276.5900617,39967.16755312571
55,3453163277.298136,39967.167561321025
55,3453163278.006211,39967.16756951633
55,3453163278.7142854,39967.16757771164
55,3453163279.42236,39967.167585906944
55,3453163280.1304345,39967.16759410225
55,3453163280.838509,39967.16760229756
55,3453163281.546583,39967.167610492856
55,3453163282.2546577,39967.16761868817
55,3453163282.9627323,39967.16762688348
55,3453163283.670807,39967.16763507879
