id,seconds,time
73,3454660938.6363587,39984.50160458749
73,3454660939.340904,39984.501612741944
73,3454660940.0454497,39984.50162089641
73,3454660940.749995,39984.501629050865
73,3454660941.4545407,39984.50163720533
73,3454660942.159086,39984.50164535979
73,3454660942.8636317,39984.50165351426
73,3454660943.568177,39984.50166166872
73,3454660944.2727227,39984.50166982318
73,3454660944.977268,39984.50167797764
73,3454660945.6818137,39984.501686132106
73,3454660946.386359,39984.50169428656
73,3454660947.090904,39984.50170244102
73,3454660947.7954497,39984.50171059548
73,3454660948.499995,39984.50171874995
73,3454660949.2045407,39984.501726904404
73,3454660949.909086,39984.50173505887
73,3454660950.6136317,39984.501743213325
73,3454660951.318177,39984.50175136779
73,3454660952.0227227,39984.50175952225
73,3454660952.727268,39984.50176767671
73,3454660953.4318137,39984.50177583117
45,3454661087.9999967,39984.5033333333
45,3454661088.704542,39984.503341487754
65,3454661088.704542,39984.503341487754
45,3454661089.4090877,39984.50334964221
65,3454661089.4090877,39984.50334964221
45,3454661090.113633,39984.503357796675
65,3454661090.113633,39984.503357796675
45,3454661090.8181787,39984.50336595114
65,3454661090.8181787,39984.50336595114
45,3454661091.522724,39984.5033741056
65,3454661091.522724,39984.5033741056
45,3454661092.2272696,39984.50338226006
65,3454661092.2272696,39984.50338226006
45,3454661092.931815,39984.503390414524
65,3454661092.931815,39984.503390414524
45,3454661093.6363606,39984.50339856899
65,3454661093.6363606,39984.50339856899
45,3454661094.340906,39984.50340672345
45,3454661095.0454516,39984.50341487791
45,3454661095.749997,39984.50342303237
45,3454661096.454542,39984.50343118683
45,3454661097.1590877,39984.50343934129
