id,seconds,time
65,3454751849.999996,39985.5538194444
65,3454751850.7062464,39985.55382761859
65,3454751851.412496,39985.55383579278
65,3454751852.1187463,39985.55384396697
65,3454751852.8249965,39985.553852141165
65,3454751853.531246,39985.55386031535
65,3454751854.2374964,39985.553868489544
45,3454751854.943746,39985.553876663726
65,3454751854.943746,39985.553876663726
45,3454751855.6499963,39985.55388483792
65,3454751855.6499963,39985.55388483792
45,3454751856.3562465,39985.55389301211
65,3454751856.3562465,39985.55389301211
45,3454751857.062496,39985.55390118629
65,3454751857.062496,39985.55390118629
45,3454751857.7687464,39985.55390936049
65,3454751857.7687464,39985.55390936049
45,3454751858.4749966,39985.55391753468
65,3454751858.4749966,39985.55391753468
45,3454751859.1812463,39985.55392570887
65,3454751859.1812463,39985.55392570887
65,3454751859.8874965,39985.553933883064
65,3454751860.593746,39985.553942057246
65,3454751861.2999964,39985.55395023144
65,3454751862.0062466,39985.55395840563
65,3454751862.7124963,39985.55396657982
65,3454751863.4187465,39985.55397475401
65,3454751864.1249967,39985.553982928206
65,3454751864.8312464,39985.55399110239
