id,seconds,time
47,3454800763.2716746,39986.11994527401
47,3454800763.976877,39986.11995343608
47,3454800764.6820793,39986.11996159814
47,3454800765.387282,39986.119969760206
47,3454800766.092484,39986.119977922266
47,3454800766.7976866,39986.11998608433
47,3454800767.5028887,39986.11999424639
47,3454800768.2080913,39986.12000240846
47,3454800768.9132934,39986.12001057053
47,3454800769.618496,39986.120018732596
47,3454800770.323698,39986.120026894656
47,3454800771.0289006,39986.12003505672
47,3454800771.7341027,39986.12004321878
47,3454800772.4393053,39986.12005138085
47,3454800773.1445074,39986.12005954291
47,3454800773.84971,39986.12006770498
47,3454800774.554912,39986.12007586704
50,3454800812.6358395,39986.12051661851
50,3454800813.3410416,39986.12052478057
50,3454800814.046244,39986.12053294264
50,3454800814.7514462,39986.1205411047
