id,seconds,time
74,3454993569.5294127,39988.351499183016
74,3454993570.2352953,39988.351507352956
74,3454993570.9411774,39988.35151552289
74,3454993571.64706,39988.35152369282
74,3454993572.352942,39988.351531862754
74,3454993573.0588245,39988.351540032694
74,3454993573.7647066,39988.35154820263
74,3454993574.470589,39988.35155637256
