id,seconds,time
66,3454995241.666668,39988.37085262347
66,3454995242.3722954,39988.370860790455
66,3454995243.0779233,39988.37086895745
66,3454995243.7835507,39988.370877124435
66,3454995244.4891787,39988.37088529142
66,3454995245.1948066,39988.370893458414
66,3454995245.900434,39988.37090162539
66,3454995246.606062,39988.370909792386
66,3454995247.3116894,39988.370917959364
66,3454995248.0173173,39988.37092612636
66,3454995248.7229447,39988.37093429334
22,3454995270.597404,39988.37118746995
22,3454995271.303032,39988.371195636944
22,3454995272.0086594,39988.37120380392
22,3454995272.7142873,39988.371211970916
22,3454995273.419915,39988.37122013791
22,3454995274.1255426,39988.37122830489
22,3454995274.8311706,39988.37123647188
22,3454995275.536798,39988.37124463887
22,3454995276.242426,39988.37125280586
22,3454995276.9480534,39988.37126097284
22,3454995277.6536813,39988.371269139825
22,3454995278.359309,39988.37127730682
22,3454995279.0649366,39988.371285473804
22,3454995279.7705646,39988.37129364079
22,3454995280.476192,39988.371301807776
22,3454995281.18182,39988.37130997476
22,3454995281.8874474,39988.37131814175
22,3454995282.5930753,39988.37132630874
22,3454995283.298703,39988.371334475734
22,3454995284.0043306,39988.37134264271
22,3454995284.7099586,39988.371350809706
22,3454995285.415586,39988.37135897669
22,3454995286.121214,39988.371367143685
22,3454995286.826842,39988.37137531067
22,3454995287.5324693,39988.37138347766
22,3454995288.238097,39988.37139164464
22,3454995288.9437246,39988.37139981163
22,3454995289.6493526,39988.371407978615
22,3454995290.35498,39988.3714161456
22,3454995291.060608,39988.37142431259
22,3454995291.766236,39988.37143247958
47,3454995291.766236,39988.37143247958
22,3454995292.4718633,39988.371440646566
47,3454995292.4718633,39988.371440646566
22,3454995293.177491,39988.37144881356
47,3454995293.177491,39988.37144881356
22,3454995293.8831186,39988.371456980545
47,3454995293.8831186,39988.371456980545
22,3454995294.5887465,39988.37146514753
47,3454995294.5887465,39988.37146514753
22,3454995295.294374,39988.37147331452
47,3454995295.294374,39988.37147331452
22,3454995296.000002,39988.3714814815
47,3454995296.000002,39988.3714814815
