id,seconds,time
0,3455066729.985916,39989.19826372588
0,3455066730.6901417,39989.19827187664
0,3455066731.394367,39989.1982800274
0,3455066732.0985923,39989.19828817815
0,3455066732.802818,39989.19829632891
0,3455066733.507043,39989.198304479665
0,3455066734.2112684,39989.19831263042
0,3455066734.915494,39989.19832078118
0,3455066735.619719,39989.19832893193
0,3455066736.3239446,39989.19833708269
0,3455066737.0281696,39989.198345233446
0,3455066737.732395,39989.1983533842
0,3455066738.4366207,39989.19836153496
0,3455066739.140846,39989.19836968571
0,3455066739.8450713,39989.198377836474
0,3455066740.5492964,39989.19838598723
45,3455066785.619719,39989.19890763563
45,3455066786.323944,39989.198915786386
65,3455066786.323944,39989.198915786386
45,3455066787.0281696,39989.19892393715
65,3455066787.0281696,39989.19892393715
45,3455066787.7323947,39989.1989320879
65,3455066787.7323947,39989.1989320879
45,3455066788.43662,39989.19894023866
65,3455066788.43662,39989.19894023866
45,3455066789.140846,39989.198948389414
65,3455066789.140846,39989.198948389414
45,3455066789.845071,39989.19895654017
65,3455066789.845071,39989.19895654017
45,3455066790.5492964,39989.19896469093
65,3455066790.5492964,39989.19896469093
45,3455066791.2535214,39989.19897284168
65,3455066791.2535214,39989.19897284168
45,3455066791.957747,39989.19898099244
65,3455066791.957747,39989.19898099244
45,3455066792.6619725,39989.1989891432
65,3455066792.6619725,39989.1989891432
45,3455066793.3661976,39989.198997293955
65,3455066793.3661976,39989.198997293955
45,3455066794.070423,39989.199005444716
65,3455066794.070423,39989.199005444716
