id,seconds,time
58,3454993476.298582,39988.35042012247
58,3454993477.0047436,39988.350428295635
58,3454993477.7109046,39988.3504364688
58,3454993478.4170656,39988.350444641954
58,3454993479.1232266,39988.35045281512
58,3454993479.8293877,39988.35046098828
58,3454993480.535549,39988.35046916145
58,3454993481.24171,39988.350477334614
58,3454993481.947871,39988.35048550777
58,3454993482.654032,39988.35049368093
58,3454993483.3601933,39988.35050185409
58,3454993484.0663548,39988.35051002726
58,3454993484.772516,39988.35051820042
58,3454993485.478677,39988.35052637358
58,3454993486.184838,39988.350534546735
58,3454993486.890999,39988.3505427199
58,3454993487.5971603,39988.35055089306
58,3454993488.3033214,39988.35055906622
58,3454993489.0094824,39988.35056723938
58,3454993489.7156434,39988.350575412536
58,3454993490.421805,39988.3505835857
58,3454993491.127966,39988.35059175886
58,3454993491.834127,39988.350599932026
58,3454993492.540288,39988.35060810518
58,3454993493.246449,39988.350616278345
58,3454993493.9526105,39988.35062445151
58,3454993494.6587715,39988.35063262467
74,3454993568.099528,39988.35148263342
74,3454993568.8056893,39988.35149080659
74,3454993569.5118504,39988.35149897975
74,3454993570.2180114,39988.35150715291
74,3454993570.9241724,39988.35151532607
74,3454993571.6303334,39988.35152349923
74,3454993572.336495,39988.35153167239
74,3454993573.042656,39988.35153984556
74,3454993573.748817,39988.35154801872
74,3454993574.454978,39988.351556191876
74,3454993575.1611395,39988.35156436504
74,3454993575.8673005,39988.351572538195
74,3454993576.5734615,39988.35158071136
