id,seconds,time
65,3439243648.395001,39806.06074531252
65,3439243649.1000013,39806.060753472244
65,3439243649.8050013,39806.06076163196
65,3439243650.510001,39806.060769791686
65,3439243651.215001,39806.0607779514
65,3439243651.920001,39806.06078611112
65,3439243652.625001,39806.060794270845
65,3439243653.330001,39806.06080243056
65,3439243654.035001,39806.06081059029
