id,seconds,time
0,3455425107.1967244,39993.346148110235
0,3455425107.9016423,39993.346156269006
0,3455425108.60656,39993.34616442778
0,3455425109.3114786,39993.346172586556
0,3455425110.0163965,39993.34618074533
75,3455425161.4754114,39993.346776335784
75,3455425162.18033,39993.346784494555
75,3455425162.8852477,39993.34679265333
75,3455425163.5901656,39993.3468008121
75,3455425164.2950835,39993.34680897088
75,3455425165.000002,39993.346817129655
75,3455425165.70492,39993.34682528843
75,3455425166.4098377,39993.3468334472
75,3455425167.1147556,39993.34684160597
75,3455425167.8196735,39993.34684976474
75,3455425168.524592,39993.34685792352
75,3455425169.22951,39993.34686608229
75,3455425169.9344277,39993.34687424106
75,3455425170.6393456,39993.346882399834
75,3455425171.344264,39993.34689055861
75,3455425172.049182,39993.346898717384
75,3455425172.7541,39993.346906876155
75,3455425173.4590178,39993.34691503493
75,3455425174.1639357,39993.3469231937
75,3455425174.868854,39993.34693135248
75,3455425175.573772,39993.34693951125
