id,seconds,time
9,3455527202.5593233,39994.52780739957
9,3455527203.2655377,39994.527815573354
9,3455527203.9717526,39994.527823747136
9,3455527204.677967,39994.52783192092
9,3455527205.384182,39994.5278400947
9,3455527206.0903964,39994.52784826847
9,3455527206.7966113,39994.52785644226
9,3455527207.5028257,39994.52786461604
9,3455527208.2090406,39994.52787278982
9,3455527208.915255,39994.5278809636
9,3455527209.62147,39994.52788913738
9,3455527210.3276844,39994.52789731116
9,3455527211.0338993,39994.527905484945
9,3455527211.7401137,39994.52791365873
9,3455527212.4463286,39994.52792183251
9,3455527213.152543,39994.52793000628
9,3455527213.858758,39994.52793818007
9,3455527214.5649724,39994.527946353846
9,3455527215.271187,39994.52795452763
9,3455527215.9774017,39994.52796270142
9,3455527216.683616,39994.52797087519
9,3455527217.389831,39994.52797904897
9,3455527218.0960455,39994.52798722275
