id,seconds,time
7,3435647459.1534767,39764.43818464672
7,3435647459.856115,39764.43819277911
7,3435647460.5587525,39764.43820091149
7,3435647461.26139,39764.43820904387
7,3435647461.9640284,39764.438217176255
7,3435647462.666666,39764.43822530864
7,3435647463.369304,39764.43823344102
7,3435647464.071942,39764.4382415734
7,3435647464.77458,39764.43824970579
7,3435647465.4772177,39764.43825783817
7,3435647466.179856,39764.43826597056
7,3435647466.8824935,39764.43827410294
7,3435647467.5851316,39764.43828223532
7,3435647468.2877693,39764.4382903677
7,3435647468.990407,39764.438298500085
7,3435647469.693045,39764.438306632466
7,3435647470.395683,39764.43831476485
44,3435647562.4412465,39764.43938010702
44,3435647563.143884,39764.4393882394
44,3435647563.8465223,39764.43939637179
44,3435647564.54916,39764.43940450416
44,3435647565.251798,39764.43941263655
44,3435647565.954436,39764.43942076893
44,3435647566.657074,39764.43942890132
44,3435647567.3597116,39764.4394370337
44,3435647568.06235,39764.439445166085
2,3435647642.541966,39764.440307198674
2,3435647643.2446036,39764.440315331056
2,3435647643.947242,39764.440323463445
2,3435647644.6498795,39764.440331595826
2,3435647645.3525176,39764.440339728215
2,3435647646.0551553,39764.4403478606
2,3435647646.7577934,39764.440355992985
2,3435647647.460431,39764.44036412536
2,3435647648.1630692,39764.44037225775
2,3435647648.865707,39764.44038039013
2,3435647649.568345,39764.44038852252
2,3435647650.2709827,39764.44039665489
2,3435647650.9736204,39764.440404787274
2,3435647651.6762586,39764.44041291966
2,3435647652.378896,39764.44042105204
2,3435647653.0815344,39764.44042918442
2,3435647653.784172,39764.4404373168
2,3435647654.48681,39764.44044544919
2,3435647655.189448,39764.44045358157
2,3435647655.892086,39764.44046171396
2,3435647656.5947237,39764.44046984633
2,3435647657.297362,39764.44047797872
2,3435647657.9999995,39764.4404861111
