id,seconds,time
0,3455425107.1967244,39993.346148110235
0,3455425107.9016423,39993.346156269006
0,3455425108.60656,39993.34616442778
0,3455425109.3114786,39993.346172586556
0,3455425110.0163965,39993.34618074533
75,3455425171.344264,39993.34689055861
75,3455425172.049182,39993.346898717384
75,3455425172.7541,39993.346906876155
75,3455425173.4590178,39993.34691503493
