id,seconds,time
3,3455426233.5675707,39993.359184809844
3,3455426234.270273,39993.359192942975
3,3455426234.972976,39993.35920107611
3,3455426235.6756787,39993.359209209244
3,3455426236.3783813,39993.359217342375
3,3455426237.0810843,39993.35922547551
3,3455426237.783787,39993.359233608644
3,3455426238.48649,39993.35924174178
3,3455426239.1891923,39993.35924987491
3,3455426239.891895,39993.359258008044
3,3455426240.594598,39993.359266141175
3,3455426241.2973003,39993.359274274306
3,3455426242.0000033,39993.359282407444
3,3455426242.702706,39993.359290540575
0,3455426258.1621656,39993.35946946951
0,3455426258.864868,39993.359477602644
0,3455426259.567571,39993.35948573578
0,3455426260.2702737,39993.359493868906
0,3455426260.972976,39993.35950200204
0,3455426261.675679,39993.359510135175
