id,seconds,time
9,3455527202.5779853,39994.527807615574
9,3455527203.284407,39994.52781579175
9,3455527203.990829,39994.52782396793
9,3455527204.6972513,39994.527832144115
9,3455527205.403673,39994.52784032029
9,3455527206.110095,39994.527848496466
9,3455527206.8165174,39994.527856672656
9,3455527207.522939,39994.52786484883
9,3455527208.229361,39994.527873025014
9,3455527208.9357834,39994.5278812012
9,3455527209.642205,39994.52788937738
9,3455527210.348627,39994.527897553555
9,3455527211.0550494,39994.52790572974
9,3455527211.7614713,39994.52791390592
9,3455527212.467893,39994.527922082096
9,3455527213.1743155,39994.52793025828
9,3455527213.8807373,39994.52793843446
9,3455527214.587159,39994.52794661064
9,3455527215.2935815,39994.52795478683
9,3455527216.0000033,39994.52796296301
9,3455527216.706425,39994.527971139185
9,3455527217.4128475,39994.52797931537
9,3455527218.1192694,39994.52798749154
