id,seconds,time
65,3455527548.066392,39994.53180632398
65,3455527548.771786,39994.53181448827
65,3455527549.4771805,39994.531822652556
65,3455527550.1825747,39994.53183081684
65,3455527550.887969,39994.53183898112
65,3455527551.5933633,39994.53184714541
65,3455527552.298757,39994.53185530969
65,3455527553.0041513,39994.531863473974
65,3455527553.7095456,39994.53187163826
