id,seconds,time
2,3456117715.166664,40001.36244405861
2,3456117715.868685,40001.36245218385
2,3456117716.570705,40001.36246030909
2,3456117717.272725,40001.362468434316
2,3456117717.9747453,40001.362476559545
2,3456117718.6767654,40001.36248468478
2,3456117719.3787856,40001.36249281002
2,3456117720.080806,40001.36250093525
2,3456117720.782826,40001.362509060484
2,3456117721.484846,40001.36251718572
2,3456117722.1868663,40001.36252531095
2,3456117722.8888865,40001.362533436186
2,3456117723.5909066,40001.36254156142
2,3456117724.292927,40001.36254968665
2,3456117724.994947,40001.36255781189
21,3456117819.7676744,40001.36365471846
21,3456117820.469695,40001.363662843694
21,3456117821.1717153,40001.36367096893
21,3456117821.8737354,40001.36367909416
21,3456117822.5757556,40001.3636872194
21,3456117823.277776,40001.363695344626
21,3456117823.979796,40001.36370346986
21,3456117824.681816,40001.36371159509
21,3456117825.3838363,40001.36371972033
21,3456117826.0858564,40001.363727845564
21,3456117826.7878766,40001.363735970794
21,3456117827.489897,40001.36374409602
21,3456117828.191917,40001.36375222126
21,3456117828.893937,40001.363760346496
21,3456117829.5959578,40001.36376847173
21,3456117830.297978,40001.36377659697
21,3456117830.999998,40001.3637847222
21,3456117831.7020183,40001.363792847435
21,3456117832.4040384,40001.36380097267
21,3456117833.1060586,40001.3638090979
21,3456117833.808079,40001.36381722314
21,3456117834.510099,40001.36382534837
21,3456117835.212119,40001.3638334736
21,3456117835.9141393,40001.36384159884
21,3456117836.6161594,40001.36384972407
21,3456117837.3181796,40001.3638578493
21,3456117838.0202,40001.363865974534
21,3456117838.72222,40001.36387409977
21,3456117839.4242406,40001.36388222501
21,3456117840.1262608,40001.36389035024
