id,seconds,time
75,3456120197.0933337,40001.39117006173
75,3456120197.8,40001.391178240745
75,3456120198.5066667,40001.39118641975
75,3456120199.2133336,40001.39119459877
75,3456120199.92,40001.391202777784
75,3456120200.6266665,40001.39121095679
75,3456120201.3333335,40001.3912191358
75,3456120202.04,40001.39122731481
75,3456120202.7466664,40001.39123549382
75,3456120203.4533334,40001.39124367284
75,3456120204.16,40001.39125185185
75,3456120204.8666663,40001.39126003086
