id,seconds,time
12,3446777558.0472417,39893.25877369493
12,3446777558.7519665,39893.258781851466
12,3446777559.456691,39893.258790007996
12,3446777560.161415,39893.25879816453
12,3446777560.8661394,39893.25880632106
12,3446777561.570864,39893.258814477595
12,3446777562.2755885,39893.258822634125
12,3446777562.980313,39893.258830790655
12,3446777563.685037,39893.258838947186
12,3446777564.3897614,39893.258847103716
31,3446777566.503935,39893.258871573315
6,3446777567.208659,39893.25887972985
31,3446777567.208659,39893.25887972985
6,3446777567.913384,39893.25888788638
31,3446777567.913384,39893.25888788638
6,3446777568.6181083,39893.25889604292
31,3446777568.6181083,39893.25889604292
6,3446777569.3228326,39893.25890419945
31,3446777569.3228326,39893.25890419945
6,3446777570.027557,39893.25891235599
31,3446777570.027557,39893.25891235599
6,3446777570.7322817,39893.258920512526
31,3446777570.7322817,39893.258920512526
6,3446777571.437006,39893.258928669056
31,3446777571.437006,39893.258928669056
6,3446777572.1417303,39893.25893682559
31,3446777572.1417303,39893.25893682559
44,3446777588.3503923,39893.259124425844
44,3446777589.0551167,39893.259132582374
44,3446777589.759841,39893.259140738905
44,3446777593.9881873,39893.25918967809
44,3446777594.692912,39893.259197834625
44,3446777595.3976364,39893.259205991155
7,3446777627.81496,39893.25958119167
7,3446777628.5196843,39893.25958934819
7,3446777629.2244086,39893.25959750472
7,3446777629.929133,39893.25960566126
7,3446777630.6338577,39893.2596138178
7,3446777631.338582,39893.25962197433
7,3446777632.0433064,39893.259630130866
7,3446777632.7480307,39893.259638287396
7,3446777633.4527555,39893.259646443934
7,3446777634.15748,39893.259654600464
7,3446777634.862204,39893.259662756995
