id,seconds,time
75,3456120198.8216767,40001.391190065704
75,3456120199.5244737,40001.391198199926
75,3456120200.227271,40001.391206334156
75,3456120200.930068,40001.39121446838
75,3456120201.6328654,40001.39122260261
75,3456120202.3356624,40001.39123073683
75,3456120203.03846,40001.39123887106
75,3456120203.741257,40001.39124700529
75,3456120204.444054,40001.39125513952
