id,seconds,time
1,3456126053.000004,40001.4589467593
1,3456126053.704823,40001.45895491693
1,3456126054.409642,40001.45896307456
1,3456126055.1144614,40001.45897123219
1,3456126055.8192806,40001.45897938982
1,3456126056.5241,40001.45898754745
1,3456126057.2289195,40001.458995705085
1,3456126057.9337387,40001.45900386272
1,3456126058.638558,40001.45901202035
1,3456126059.343377,40001.45902017798
1,3456126060.0481963,40001.45902833561
1,3456126060.7530155,40001.45903649324
1,3456126061.4578347,40001.45904465087
1,3456126062.162654,40001.459052808495
1,3456126062.867473,40001.459060966125
