id,seconds,time
75,3456187855.2352943,40002.174250408505
75,3456187855.9411764,40002.17425857843
75,3456187856.647059,40002.17426674836
75,3456187857.3529415,40002.1742749183
75,3456187858.0588236,40002.174283088236
75,3456187858.764706,40002.17429125817
75,3456187859.470588,40002.1742994281
75,3456187860.1764708,40002.17430759804
75,3456187860.882353,40002.174315767974
75,3456187861.5882354,40002.17432393791
75,3456187862.2941175,40002.17433210784
75,3456187863.0,40002.17434027778
75,3456187863.705882,40002.17434844771
75,3456187864.4117646,40002.17435661765
75,3456187865.1176467,40002.17436478758
75,3456187865.8235292,40002.17437295752
75,3456187866.529412,40002.17438112745
75,3456187867.235294,40002.17438929738
75,3456187867.9411764,40002.17439746732
