id,seconds,time
0,3439366269.000002,39807.4799652778
0,3439366269.70492,39807.47997343657
0,3439366270.4098377,39807.479981595345
0,3439366271.114756,39807.47998975412
0,3439366271.819674,39807.479997912895
0,3439366272.524592,39807.480006071666
0,3439366273.22951,39807.48001423044
0,3439366273.9344277,39807.48002238921
0,3439366274.639346,39807.48003054799
0,3439366275.344264,39807.48003870676
0,3439366276.049182,39807.48004686553
0,3439366276.7541,39807.48005502431
0,3439366277.4590178,39807.48006318308
0,3439366278.163936,39807.48007134185
0,3439366278.868854,39807.48007950062
0,3439366279.573772,39807.480087659394
75,3439366323.9836063,39807.480601662115
75,3439366324.6885242,39807.48060982088
75,3439366325.3934426,39807.48061797966
75,3439366326.0983605,39807.48062613843
75,3439366326.8032784,39807.4806342972
75,3439366327.5081964,39807.48064245597
75,3439366328.2131143,39807.48065061475
75,3439366328.9180326,39807.48065877353
75,3439366329.6229506,39807.4806669323
75,3439366330.3278685,39807.48067509107
75,3439366331.0327864,39807.48068324984
75,3439366331.7377043,39807.480691408615
75,3439366332.4426227,39807.48069956739
75,3439366333.1475406,39807.480707726165
