id,seconds,time
26,3427950073.840912,39675.34807686241
26,3427950074.5454574,39675.34808501687
26,3427950075.250003,39675.348093171335
26,3427950075.9545484,39675.34810132579
26,3427950076.659094,39675.348109480256
26,3427950077.3636394,39675.34811763471
26,3427950078.068185,39675.348125789176
