id,seconds,time
7,3427957382.304987,39675.43266556698
7,3427957383.008799,39675.43267371295
7,3427957383.7126117,39675.43268185893
7,3427957384.416424,39675.432690004905
7,3427957385.120236,39675.43269815088
7,3427957385.8240485,39675.43270629686
7,3427957386.5278606,39675.43271444283
7,3427957387.2316732,39675.43272258881
7,3427957387.9354854,39675.432730734785
7,3427957388.639298,39675.432738880765
7,3427957389.34311,39675.43274702674
7,3427957390.046922,39675.43275517271
7,3427957390.750735,39675.43276331869
7,3427957391.454547,39675.432771464664
7,3427957392.1583595,39675.432779610645
7,3427957392.8621716,39675.43278775661
7,3427957393.5659842,39675.43279590259
7,3427957394.2697964,39675.43280404856
7,3427957394.9736085,39675.432812194544
7,3427957395.677421,39675.43282034052
7,3427957396.381233,39675.43282848649
7,3427957397.085046,39675.43283663247
7,3427957397.788858,39675.43284477844
7,3427957398.49267,39675.43285292442
7,3427957399.1964827,39675.4328610704
7,3427957399.900295,39675.432869216376
7,3427957400.6041074,39675.43287736236
7,3427957401.3079195,39675.43288550833
7,3427957402.011732,39675.43289365431
7,3427957402.715544,39675.43290180028
7,3427957403.4193563,39675.432909946256
7,3427957404.123169,39675.432918092236
7,3427957404.826981,39675.43292623821
7,3427957405.5307937,39675.43293438419
7,3427957406.234606,39675.43294253016
7,3427957406.9384184,39675.43295067614
7,3427957407.6422305,39675.432958822115
7,3427957408.3460426,39675.43296696809
7,3427957409.049855,39675.43297511407
7,3427957409.7536674,39675.43298326004
7,3427957410.45748,39675.43299140602
7,3427957411.161292,39675.432999551995
7,3427957411.8651047,39675.43300769797
7,3427957412.568917,39675.43301584394
7,3427957413.272729,39675.43302398991
7,3427957413.9765415,39675.433032135894
7,3427957414.6803536,39675.43304028187
7,3427957415.3841662,39675.43304842785
7,3427957416.0879784,39675.43305657382
7,3427957416.7917905,39675.4330647198
