id,seconds,time
26,3424236940.5135117,39632.37199668417
26,3424236941.216214,39632.3720048173
26,3424236941.918917,39632.37201295043
26,3424236942.6216197,39632.37202108357
26,3424236943.3243227,39632.3720292167
26,3424236944.027025,39632.37203734983
26,3424236944.7297277,39632.37204548296
26,3424236945.4324307,39632.3720536161
26,3424236946.1351333,39632.37206174923
26,3424236946.8378363,39632.37206988237
26,3424236947.540539,39632.3720780155
26,3424236948.2432413,39632.37208614863
26,3424236948.9459443,39632.37209428177
26,3424236949.648647,39632.3721024149
26,3424236950.35135,39632.372110548036
26,3424236951.0540524,39632.37211868117
26,3424236951.756755,39632.3721268143
26,3424236952.459458,39632.37213494743
26,3424236953.1621604,39632.37214308056
26,3424236953.8648634,39632.3721512137
26,3424236954.567566,39632.37215934683
26,3424236955.2702684,39632.37216747996
26,3424236955.9729714,39632.3721756131
