id,seconds,time
15,3428999661.3739853,39687.49608071742
15,3428999662.0758824,39687.496088841224
15,3428999662.777779,39687.496096965035
15,3428999663.4796762,39687.496105088845
15,3428999664.1815734,39687.496113212655
15,3428999664.8834705,39687.496121336466
15,3428999665.585367,39687.49612946027
15,3428999666.2872643,39687.49613758408
15,3428999666.9891615,39687.49614570789
15,3428999667.6910586,39687.4961538317
15,3428999668.3929553,39687.4961619555
15,3428999669.0948524,39687.496170079314
15,3428999669.7967496,39687.496178203124
15,3428999670.4986463,39687.49618632693
15,3428999671.2005434,39687.49619445074
15,3428999671.9024405,39687.49620257455
15,3428999672.6043377,39687.49621069836
15,3428999673.3062344,39687.49621882216
15,3428999674.0081315,39687.496226945965
15,3428999674.7100286,39687.496235069775
15,3428999675.411926,39687.496243193586
15,3428999676.1138225,39687.49625131739
15,3428999676.8157196,39687.4962594412
15,3428999677.5176167,39687.49626756501
15,3428999678.219514,39687.49627568881
15,3428999678.9214106,39687.49628381262
15,3428999679.6233077,39687.49629193643
15,3428999680.325205,39687.49630006024
19,3428999729.4579964,39687.49686872681
19,3428999730.159893,39687.496876850615
19,3428999730.86179,39687.496884974425
19,3428999731.5636873,39687.496893098236
19,3428999732.2655845,39687.49690122204
19,3428999732.967481,39687.49690934584
19,3428999733.6693783,39687.49691746965
19,3428999734.3712754,39687.49692559346
19,3428999735.0731726,39687.49693371727
19,3428999735.775069,39687.49694184108
19,3428999736.4769664,39687.49694996489
19,3428999737.1788635,39687.4969580887
19,3428999737.88076,39687.4969662125
19,3428999738.5826573,39687.49697433631
19,3428999739.2845545,39687.49698246012
19,3428999739.9864516,39687.49699058393
19,3428999740.6883483,39687.496998707735
19,3428999741.3902454,39687.497006831545
19,3428999742.0921426,39687.497014955356
19,3428999742.7940397,39687.497023079166
19,3428999743.4959364,39687.49703120297
19,3428999744.1978335,39687.49703932678
19,3428999744.8997307,39687.49704745059
19,3428999745.601628,39687.4970555744
19,3428999746.3035245,39687.4970636982
19,3428999747.0054216,39687.49707182201
19,3428999747.707319,39687.49707994582
19,3428999748.409216,39687.49708806963
