id,seconds,time
11,3424240881.8122067,39632.41761356721
11,3424240882.5130787,39632.41762167915
63,3424241425.6887994,39632.42390843518
63,3424241426.3896713,39632.42391654712
63,3424241427.090543,39632.423924659066
63,3424241427.7914147,39632.423932771
63,3424241428.4922867,39632.423940882945
9,3424241729.8672028,39632.42742901855
9,3424241730.5680747,39632.42743713049
9,3424241731.2689466,39632.427445242436
9,3424241731.9698186,39632.42745335438
