id,seconds,time
75,3426030954.0163937,39653.13604185641
75,3426030954.71897,39653.136049988076
75,3426030955.421546,39653.136058119744
75,3426030956.1241217,39653.136066251405
75,3426030956.826698,39653.136074383074
75,3426030957.529274,39653.13608251474
75,3426030958.23185,39653.13609064641
75,3426030958.9344263,39653.13609877808
75,3426030959.6370025,39653.13610690975
75,3426030960.3395786,39653.136115041416
75,3426030961.042155,39653.136123173084
75,3426030961.744731,39653.13613130475
75,3426030962.4473066,39653.136139436414
75,3426030963.149883,39653.13614756808
75,3426030963.852459,39653.13615569976
