id,seconds,time
73,3429773598.000004,39696.4536805556
