id,seconds,time
9,3430365901.7802205,39703.30904838218
9,3430365902.483517,39703.30905652219
9,3430365903.186814,39703.3090646622
9,3430365903.8901105,39703.30907280221
9,3430365904.593407,39703.309080942214
9,3430365905.296704,39703.30908908222
9,3430365906.0000005,39703.30909722223
9,3430365906.703297,39703.309105362234
9,3430365907.406594,39703.30911350224
9,3430365908.1098905,39703.30912164225
9,3430365908.813187,39703.30912978226
9,3430365909.516484,39703.30913792227
9,3430365910.2197804,39703.309146062275
9,3430365910.923077,39703.30915420229
9,3430365911.626374,39703.309162342295
9,3430365912.3296704,39703.3091704823
9,3430365913.0329676,39703.30917862231
9,3430365913.736264,39703.309186762315
9,3430365914.439561,39703.30919490232
9,3430365915.1428576,39703.309203042336
9,3430365915.846154,39703.30921118234
9,3430365916.549451,39703.30921932235
9,3430365917.2527475,39703.309227462356
9,3430365917.956044,39703.30923560236
9,3430365918.659341,39703.30924374237
63,3430366007.2747235,39703.31026938338
63,3430366007.97802,39703.310277523386
63,3430366008.681317,39703.31028566339
63,3430366009.3846135,39703.3102938034
63,3430366010.08791,39703.310301943406
63,3430366010.791207,39703.31031008341
63,3430366011.4945035,39703.31031822342
63,3430366012.1978,39703.310326363426
63,3430366012.901097,39703.31033450343
63,3430366013.6043935,39703.31034264344
63,3430366014.30769,39703.310350783446
63,3430366015.0109873,39703.31035892346
63,3430366015.714284,39703.31036706347
63,3430366016.4175806,39703.31037520348
63,3430366017.1208773,39703.31038334349
63,3430366017.824174,39703.310391483494
46,3430366018.5274706,39703.31039962351
63,3430366018.5274706,39703.31039962351
46,3430366019.2307673,39703.310407763514
63,3430366019.2307673,39703.310407763514
46,3430366019.934064,39703.31041590352
63,3430366019.934064,39703.31041590352
46,3430366020.6373606,39703.31042404353
63,3430366020.6373606,39703.31042404353
46,3430366021.340657,39703.310432183534
46,3430366022.043954,39703.31044032354
46,3430366022.7472506,39703.31044846355
46,3430366023.450547,39703.310456603554
