id,seconds,time
7,3430878433.294117,39709.24112608932
7,3430878433.999999,39709.24113425925
7,3430878434.7058816,39709.24114242919
7,3430878435.411764,39709.241150599126
7,3430878436.117646,39709.24115876906
7,3430878436.823529,39709.24116693899
7,3430878437.529411,39709.241175108924
7,3430878438.2352934,39709.241183278864
7,3430878438.941176,39709.2411914488
7,3430878439.647058,39709.24119961873
7,3430878440.3529406,39709.24120778866
