id,seconds,time
65,3440028744.4702,39815.147505442124
65,3440028745.178809,39815.14751364363
65,3440028745.8874187,39815.14752184513
65,3440028746.596028,39815.14753004662
65,3440028747.304637,39815.147538248115
65,3440028748.0132465,39815.14754644962
65,3440028748.7218556,39815.14755465111
65,3440028749.4304647,39815.1475628526
65,3440028750.1390743,39815.147571054105
65,3440028750.8476834,39815.147579255594
65,3440028751.5562925,39815.14758745709
65,3440028752.264902,39815.14759565859
65,3440028752.973511,39815.14760386008
65,3440028753.6821203,39815.14761206158
65,3440028754.3907294,39815.14762026307
65,3440028755.099339,39815.14762846457
