id,seconds,time
46,3428468059.000003,39681.343275463
46,3428468059.704666,39681.34328361882
46,3428468060.4093294,39681.34329177465
46,3428468061.113992,39681.343299930464
46,3428468061.8186555,39681.343308086296
46,3428468062.523319,39681.34331624212
62,3428468149.9015536,39681.34432756428
62,3428468150.6062164,39681.344335720096
62,3428468151.3108797,39681.34434387592
62,3428468152.015543,39681.344352031745
62,3428468152.7202063,39681.34436018757
62,3428468153.4248695,39681.344368343394
62,3428468154.1295323,39681.34437649922
62,3428468154.8341956,39681.34438465504
62,3428468155.538859,39681.34439281087
62,3428468156.243522,39681.34440096669
62,3428468156.9481854,39681.34440912252
62,3428468157.6528482,39681.344417278335
62,3428468158.3575115,39681.34442543416
62,3428468159.062175,39681.344433589984
62,3428468159.766838,39681.344441745816
62,3428468160.4715014,39681.34444990164
62,3428468161.176164,39681.34445805746
62,3428468161.8808274,39681.34446621328
62,3428468162.5854907,39681.34447436911
62,3428468163.290154,39681.34448252493
62,3428468163.9948173,39681.344490680756
59,3428468178.792744,39681.34466195306
59,3428468179.497407,39681.344670108876
59,3428468180.20207,39681.3446782647
59,3428468180.9067335,39681.344686420525
