id,seconds,time
65,3440568817.9940143,39821.3983564122
65,3440568818.700601,39821.39836459029
45,3440568819.407188,39821.39837276838
65,3440568819.407188,39821.39837276838
45,3440568820.113775,39821.39838094647
65,3440568820.113775,39821.39838094647
45,3440568820.8203616,39821.39838912455
65,3440568820.8203616,39821.39838912455
45,3440568821.5269485,39821.39839730264
65,3440568821.5269485,39821.39839730264
45,3440568822.2335353,39821.39840548073
65,3440568822.2335353,39821.39840548073
45,3440568822.940122,39821.39841365882
65,3440568822.940122,39821.39841365882
45,3440568823.646709,39821.39842183691
65,3440568823.646709,39821.39842183691
45,3440568824.3532953,39821.39843001499
65,3440568824.3532953,39821.39843001499
65,3440568825.059882,39821.39843819308
65,3440568825.766469,39821.39844637117
65,3440568826.473056,39821.398454549264
65,3440568827.1796427,39821.39846272735
65,3440568827.8862295,39821.398470905435
65,3440568828.5928164,39821.398479083524
65,3440568829.299403,39821.39848726161
65,3440568830.00599,39821.3984954397
65,3440568830.712577,39821.398503617784
