id,seconds,time
11,3433570410.8011675,39740.39827316166
11,3433570411.50877,39740.3982813515
11,3433570412.216372,39740.39828954134
24,3433570412.216372,39740.39828954134
11,3433570412.9239745,39740.39829773119
24,3433570412.9239745,39740.39829773119
11,3433570413.631577,39740.39830592103
24,3433570413.631577,39740.39830592103
11,3433570414.339179,39740.39831411087
24,3433570414.339179,39740.39831411087
11,3433570415.0467815,39740.39832230071
24,3433570415.0467815,39740.39832230071
11,3433570415.7543836,39740.39833049055
24,3433570415.7543836,39740.39833049055
11,3433570416.461986,39740.398338680396
24,3433570416.461986,39740.398338680396
11,3433570417.1695886,39740.398346870235
24,3433570417.1695886,39740.398346870235
11,3433570417.8771906,39740.398355060075
24,3433570417.8771906,39740.398355060075
11,3433570418.584793,39740.39836324992
24,3433570418.584793,39740.39836324992
11,3433570419.292395,39740.398371439755
24,3433570419.292395,39740.398371439755
11,3433570419.9999976,39740.3983796296
24,3433570419.9999976,39740.3983796296
