id,seconds,time
75,3433742892.2948713,39742.394586746195
75,3433742893.0,39742.394594907404
75,3433742893.705128,39742.39460306861
75,3433742894.4102564,39742.39461122982
75,3433742895.1153846,39742.39461939102
75,3433742895.820513,39742.39462755223
75,3433742896.525641,39742.39463571344
75,3433742897.230769,39742.39464387464
75,3433742897.9358974,39742.39465203585
75,3433742898.6410255,39742.39466019706
