id,seconds,time
15,3434520210.959797,39751.391330553204
15,3434520211.6633143,39751.391338695765
15,3434520212.366832,39751.39134683833
15,3434520213.0703497,39751.3913549809
15,3434520213.773867,39751.39136312346
15,3434520214.477385,39751.39137126603
15,3434520215.1809025,39751.39137940859
15,3434520215.88442,39751.39138755116
72,3434520215.88442,39751.39138755116
15,3434520216.587938,39751.391395693725
72,3434520216.587938,39751.391395693725
15,3434520217.2914553,39751.39140383629
72,3434520217.2914553,39751.39140383629
15,3434520217.9949727,39751.39141197885
34,3434520217.9949727,39751.39141197885
72,3434520217.9949727,39751.39141197885
15,3434520218.6984906,39751.39142012142
34,3434520218.6984906,39751.39142012142
72,3434520218.6984906,39751.39142012142
34,3434520219.402008,39751.39142826398
72,3434520219.402008,39751.39142826398
34,3434520220.1055255,39751.39143640655
72,3434520220.1055255,39751.39143640655
34,3434520220.8090434,39751.39144454912
72,3434520220.8090434,39751.39144454912
34,3434520221.512561,39751.39145269168
72,3434520221.512561,39751.39145269168
34,3434520222.2160783,39751.39146083424
34,3434520222.919596,39751.391468976806
34,3434520223.6231136,39751.39147711937
34,3434520224.326631,39751.391485261935
19,3434520229.954772,39751.391550402455
19,3434520230.6582894,39751.39155854502
19,3434520231.3618073,39751.39156668759
19,3434520232.065325,39751.39157483015
19,3434520232.768842,39751.39158297271
19,3434520233.47236,39751.39159111528
19,3434520234.1758776,39751.39159925784
19,3434520234.879395,39751.3916074004
73,3434520239.1005006,39751.39165625579
73,3434520239.8040185,39751.39166439836
73,3434520240.507536,39751.39167254092
73,3434520241.211054,39751.3916806835
73,3434520241.9145713,39751.39168882606
73,3434520242.6180887,39751.39169696862
73,3434520243.3216066,39751.391705111186
73,3434520244.025124,39751.39171325375
73,3434520244.7286415,39751.391721396314
73,3434520245.4321594,39751.39172953888
73,3434520246.135677,39751.39173768145
73,3434520246.8391943,39751.39174582401
73,3434520247.542712,39751.39175396658
73,3434520248.2462296,39751.391762109146
