id,seconds,time
75,3434523176.500004,39751.42565393523
75,3434523177.208337,39751.42566213353
75,3434523177.9166703,39751.42567033183
75,3434523178.625004,39751.42567853014
75,3434523179.333337,39751.425686728435
75,3434523180.0416703,39751.42569492674
75,3434523180.750004,39751.425703125045
75,3434523181.458337,39751.42571132334
75,3434523182.1666703,39751.42571952165
75,3434523182.875004,39751.42572771995
75,3434523183.583337,39751.42573591825
75,3434523184.2916703,39751.425744116554
75,3434523185.000004,39751.425752314855
75,3434523185.708337,39751.42576051316
