id,seconds,time
54,3434679136.341935,39753.230744698325
54,3434679137.0451612,39753.23075283752
54,3434679137.748387,39753.2307609767
54,3434679138.4516125,39753.230769115886
54,3434679139.1548386,39753.23077725508
54,3434679139.858064,39753.23078539426
54,3434679140.56129,39753.23079353345
54,3434679141.264516,39753.23080167264
54,3434679141.9677415,39753.23080981182
54,3434679142.6709676,39753.230817951015
54,3434679143.374193,39753.2308260902
54,3434679144.077419,39753.23083422938
54,3434679144.780645,39753.230842368575
54,3434679145.4838705,39753.23085050776
54,3434679146.187096,39753.230858646944
54,3434679146.890322,39753.230866786136
54,3434679147.593548,39753.23087492532
54,3434679148.296774,39753.23088306451
54,3434679148.9999995,39753.2308912037
