id,seconds,time
3,3440653746.9999986,39822.3813310185
3,3440653747.704544,39822.38133917296
0,3440653752.636362,39822.38139625419
0,3440653753.3409076,39822.381404408654
0,3440653754.045453,39822.38141256312
0,3440653754.7499986,39822.38142071758
0,3440653755.454544,39822.381428872046
65,3440653792.090908,39822.38185290403
65,3440653792.7954535,39822.381861058486
45,3440653793.499999,39822.38186921295
65,3440653793.499999,39822.38186921295
45,3440653794.2045445,39822.381877367414
65,3440653794.2045445,39822.381877367414
45,3440653794.90909,39822.38188552188
65,3440653794.90909,39822.38188552188
45,3440653795.6136355,39822.38189367634
65,3440653795.6136355,39822.38189367634
45,3440653796.318181,39822.3819018308
65,3440653796.318181,39822.3819018308
45,3440653797.0227265,39822.38190998526
65,3440653797.0227265,39822.38190998526
45,3440653797.727272,39822.38191813972
65,3440653797.727272,39822.38191813972
45,3440653798.4318175,39822.38192629418
65,3440653798.4318175,39822.38192629418
45,3440653799.136363,39822.38193444865
65,3440653799.136363,39822.38193444865
45,3440653799.840908,39822.381942603104
65,3440653799.840908,39822.381942603104
65,3440653800.5454535,39822.38195075757
65,3440653801.249999,39822.38195891203
65,3440653801.9545445,39822.38196706649
65,3440653802.65909,39822.38197522095
65,3440653803.3636355,39822.38198337541
65,3440653804.068181,39822.38199152987
65,3440653804.7727265,39822.38199968433
65,3440653805.477272,39822.382007838794
65,3440653806.1818175,39822.38201599325
