id,seconds,time
7,3430878433.097344,39709.24112381185
7,3430878433.800884,39709.24113195467
7,3430878434.5044236,39709.2411400975
7,3430878435.2079635,39709.241148240326
7,3430878435.9115033,39709.24115638315
7,3430878436.615043,39709.24116452596
7,3430878437.318583,39709.241172668786
7,3430878438.022123,39709.24118081161
7,3430878438.7256627,39709.24118895443
7,3430878439.4292026,39709.24119709725
7,3430878440.1327424,39709.241205240076
