id,seconds,time
75,3433312982.440677,39737.418778248575
75,3433312983.1468916,39737.41878642236
75,3433312983.8531065,39737.41879459614
75,3433312984.559321,39737.41880276992
75,3433312985.265536,39737.4188109437
75,3433312985.9717507,39737.41881911748
75,3433312986.677965,39737.418827291265
75,3433312987.38418,39737.41883546505
75,3433312988.0903945,39737.41884363882
75,3433312988.7966094,39737.41885181261
