id,seconds,time
75,3433401405.257483,39738.44219048013
75,3433401405.96407,39738.44219865822
75,3433401406.6706567,39738.442206836306
75,3433401407.3772435,39738.442215014395
75,3433401408.08383,39738.44222319248
75,3433401408.7904167,39738.442231370565
75,3433401409.4970036,39738.442239548654
75,3433401410.2035904,39738.44224772674
75,3433401410.910177,39738.44225590483
75,3433401411.616764,39738.44226408292
