id,seconds,time
29,3440283541.3867393,39818.096543828
29,3440283542.093921,39818.096552012976
29,3440283542.8011036,39818.096560197955
29,3440283543.508286,39818.09656838294
29,3440283544.2154684,39818.09657656792
29,3440283544.922651,39818.09658475291
29,3440283545.629833,39818.09659293789
