id,seconds,time
45,3435133827.7085204,39758.493376256025
45,3435133828.4125566,39758.49338440459
65,3435133828.4125566,39758.49338440459
45,3435133829.1165924,39758.49339255315
65,3435133829.1165924,39758.49339255315
45,3435133829.820628,39758.493400701715
65,3435133829.820628,39758.493400701715
65,3435133830.524664,39758.49340885028
65,3435133831.2287,39758.49341699884
