id,seconds,time
36,3435283019.7752466,39760.22013628757
36,3435283020.47883,39760.220144430896
36,3435283021.1824126,39760.22015257422
36,3435283021.885996,39760.220160717545
36,3435283022.589579,39760.22016886087
36,3435283023.293162,39760.22017700419
36,3435283023.996745,39760.22018514751
36,3435283024.7003284,39760.220193290836
36,3435283025.403911,39760.22020143416
36,3435283026.1074944,39760.220209577485
36,3435283026.811077,39760.2202177208
36,3435283027.5146604,39760.22022586413
36,3435283028.2182436,39760.22023400745
36,3435283028.9218264,39760.220242150775
