id,seconds,time
7,3435299421.0000024,39760.4099652778
7,3435299421.7033515,39760.40997341842
36,3435299455.4641175,39760.41036416803
36,3435299456.1674666,39760.41037230864
36,3435299456.8708158,39760.410380449255
36,3435299457.5741653,39760.41038858987
36,3435299458.2775145,39760.41039673049
36,3435299458.9808636,39760.41040487111
36,3435299459.684213,39760.41041301173
36,3435299460.3875623,39760.410421152344
36,3435299461.0909114,39760.410429292955
