id,seconds,time
65,3433660460.411766,39741.44051402507
65,3433660461.1176486,39741.44052219501
65,3433660461.8235307,39741.44053036494
45,3433660462.529413,39741.44053853488
65,3433660462.529413,39741.44053853488
45,3433660463.235296,39741.44054670481
65,3433660463.235296,39741.44054670481
65,3433660463.941178,39741.440554874745
65,3433660464.6470604,39741.44056304468
65,3433660465.3529425,39741.44057121461
65,3433660466.058825,39741.44057938455
