id,seconds,time
75,3433663839.535401,39741.47962425232
75,3433663840.2389407,39741.479632395145
75,3433663840.9424806,39741.47964053797
75,3433663841.6460204,39741.47964868079
75,3433663842.3495603,39741.47965682361
75,3433663843.0531,39741.479664966435
75,3433663843.75664,39741.47967310926
75,3433663844.46018,39741.47968125208
75,3433663845.1637197,39741.4796893949
75,3433663845.8672595,39741.479697537725
75,3433663846.5707994,39741.47970568055
75,3433663847.274339,39741.47971382337
75,3433663847.977879,39741.47972196619
75,3433663848.681419,39741.479730109015
75,3433663849.3849587,39741.47973825184
75,3433663850.0884986,39741.47974639466
75,3433663850.7920384,39741.47975453748
75,3433663851.4955783,39741.479762680305
75,3433663852.199118,39741.479770823134
75,3433663852.902658,39741.47977896595
