id,seconds,time
0,3434499099.9999967,39751.1469907407
0,3434499100.7038803,39751.1469988875
0,3434499101.4077635,39751.1470070343
0,3434499102.111647,39751.14701518111
0,3434499102.815531,39751.1470233279
0,3434499103.5194144,39751.147031474706
0,3434499104.2232976,39751.1470396215
0,3434499104.9271812,39751.1470477683
0,3434499105.631065,39751.147055915106
0,3434499106.3349485,39751.14706406191
0,3434499107.0388317,39751.1470722087
0,3434499107.7427154,39751.147080355506
65,3434499147.1601925,39751.1475365763
65,3434499147.864076,39751.147544723106
65,3434499148.5679593,39751.1475528699
65,3434499149.271843,39751.1475610167
65,3434499149.9757266,39751.147569163506
65,3434499150.67961,39751.1475773103
65,3434499151.3834934,39751.1475854571
65,3434499152.087377,39751.1475936039
65,3434499152.7912607,39751.1476017507
65,3434499153.495144,39751.147609897496
65,3434499154.1990275,39751.1476180443
65,3434499154.902911,39751.1476261911
65,3434499155.606795,39751.1476343379
65,3434499156.310678,39751.1476424847
65,3434499157.0145617,39751.1476506315
65,3434499157.7184453,39751.147658778296
65,3434499158.4223285,39751.1476669251
65,3434499159.126212,39751.1476750719
65,3434499159.830096,39751.147683218696
65,3434499160.5339794,39751.1476913655
65,3434499161.2378626,39751.1476995123
65,3434499161.941746,39751.1477076591
65,3434499162.64563,39751.147715805906
65,3434499163.3495135,39751.14772395271
65,3434499165.461164,39751.1477483931
65,3434499166.165047,39751.1477565399
65,3434499166.868931,39751.1477646867
65,3434499167.5728145,39751.1477728335
