id,seconds,time
75,3434523177.140629,39751.42566134987
75,3434523177.8437533,39751.425669487886
75,3434523178.5468783,39751.425677625906
75,3434523179.2500033,39751.42568576393
75,3434523179.9531283,39751.42569390195
75,3434523180.6562533,39751.42570203997
75,3434523181.3593783,39751.42571017799
75,3434523182.0625033,39751.42571831601
75,3434523182.7656283,39751.425726454036
75,3434523183.4687533,39751.425734592056
75,3434523184.1718783,39751.425742730076
