id,seconds,time
11,3440286505.298078,39818.13084835738
11,3440286506.004809,39818.13085653714
24,3440286506.004809,39818.13085653714
11,3440286506.7115393,39818.130864716884
24,3440286506.7115393,39818.130864716884
11,3440286507.41827,39818.13087289665
24,3440286507.41827,39818.13087289665
11,3440286508.125001,39818.1308810764
24,3440286508.125001,39818.1308810764
11,3440286508.831732,39818.13088925616
24,3440286508.831732,39818.13088925616
11,3440286509.5384626,39818.13089743591
24,3440286509.5384626,39818.13089743591
11,3440286510.245193,39818.13090561566
24,3440286510.245193,39818.13090561566
11,3440286510.951924,39818.130913795416
24,3440286510.951924,39818.130913795416
11,3440286511.6586547,39818.13092197517
24,3440286511.6586547,39818.13092197517
11,3440286512.3653855,39818.130930154926
24,3440286512.3653855,39818.130930154926
11,3440286513.072116,39818.130938334674
24,3440286513.072116,39818.130938334674
24,3440286513.7788467,39818.13094651443
24,3440286514.4855776,39818.130954694185
24,3440286515.1923084,39818.13096287394
24,3440286515.899039,39818.13097105369
64,3440286520.1394234,39818.13102013222
64,3440286520.846154,39818.131028311975
64,3440286521.552885,39818.13103649173
64,3440286522.2596154,39818.13104467148
