id,seconds,time
13,3434677895.790264,39753.21638646138
13,3434677896.494384,39753.21639461092
13,3434677897.1985035,39753.21640276045
13,3434677897.9026237,39753.21641090999
13,3434677898.6067433,39753.21641905953
13,3434677899.310863,39753.21642720906
13,3434677900.014983,39753.2164353586
13,3434677900.719103,39753.216443508136
13,3434677901.4232225,39753.21645165767
13,3434677902.1273427,39753.216459807205
13,3434677902.8314624,39753.21646795674
13,3434677903.535582,39753.216476106274
13,3434677904.239702,39753.21648425581
13,3434677904.943822,39753.21649240535
13,3434677905.6479416,39753.21650055488
13,3434677906.3520617,39753.21650870442
13,3434677907.0561814,39753.21651685395
13,3434677907.760301,39753.21652500349
13,3434677908.4644213,39753.21653315303
13,3434677909.168541,39753.21654130256
13,3434677909.8726606,39753.21654945209
13,3434677910.576781,39753.21655760163
13,3434677911.2809005,39753.21656575116
13,3434677911.98502,39753.216573900696
13,3434677912.6891403,39753.216582050234
13,3434677913.39326,39753.216590199765
13,3434677914.0973797,39753.216598349296
13,3434677914.8015,39753.216606498834
13,3434677915.5056195,39753.21661464837
13,3434677916.209739,39753.2166227979
13,3434677916.9138594,39753.21663094745
13,3434677917.617979,39753.21663909698
13,3434677918.3220987,39753.21664724652
13,3434677919.026219,39753.216655396056
13,3434677919.7303386,39753.21666354559
13,3434677920.4344583,39753.216671695125
13,3434677921.1385784,39753.21667984466
13,3434677921.842698,39753.216687994194
13,3434677922.546818,39753.216696143725
13,3434677923.250938,39753.21670429326
13,3434677923.9550576,39753.216712442794
13,3434677924.6591773,39753.216720592325
13,3434677925.3632975,39753.21672874186
13,3434677926.067417,39753.2167368914
13,3434677926.771537,39753.21674504093
13,3434677927.475657,39753.21675319047
13,3434677928.1797767,39753.21676134001
13,3434677928.8838964,39753.21676948954
13,3434677929.5880165,39753.21677763908
13,3434677930.292136,39753.21678578861
13,3434677930.996256,39753.21679393815
13,3434677931.700376,39753.216802087685
13,3434677932.4044957,39753.216810237216
