id,seconds,time
65,3435388714.744445,39761.44345769033
65,3435388715.450001,39761.443465856486
65,3435388716.155556,39761.443474022635
65,3435388716.8611116,39761.44348218879
65,3435388717.566667,39761.44349035494
65,3435388718.272223,39761.4434985211
65,3435388718.9777784,39761.443506687254
65,3435388719.683334,39761.4435148534
