id,seconds,time
28,3435531580.18587,39763.09699289202
28,3435531580.8884726,39763.09700102398
28,3435531581.591075,39763.09700915596
28,3435531582.293677,39763.097017287924
28,3435531582.9962792,39763.0970254199
28,3435531583.6988816,39763.09703355187
28,3435531584.4014835,39763.09704168383
28,3435531585.104086,39763.097049815806
28,3435531585.8066883,39763.09705794778
28,3435531586.50929,39763.09706607975
28,3435531587.2118926,39763.09707421172
28,3435531587.914495,39763.097082343695
28,3435531588.617097,39763.097090475654
28,3435531589.3196993,39763.09709860763
28,3435531590.0223017,39763.097106739595
28,3435531590.7249036,39763.09711487156
28,3435531591.427506,39763.097123003536
28,3435531592.1301084,39763.09713113551
28,3435531592.8327103,39763.09713926748
28,3435531593.5353127,39763.09714739945
28,3435531594.237915,39763.097155531425
28,3435531594.940517,39763.09716366339
28,3435531595.6431193,39763.097171795365
28,3435531596.3457217,39763.09717992734
28,3435531597.0483236,39763.097188059306
28,3435531597.750926,39763.09719619127
28,3435531598.4535284,39763.09720432324
28,3435531599.1561303,39763.097212455206
28,3435531599.8587327,39763.09722058718
28,3435531600.561335,39763.097228719154
28,3435531601.263937,39763.09723685112
