id,seconds,time
28,3435532668.176474,39763.10958537586
28,3435532668.882356,39763.109593545785
28,3435532669.5882387,39763.109601715725
28,3435532670.294121,39763.10960988566
28,3435532671.0000033,39763.1096180556
