id,seconds,time
29,3435987118.3368406,39768.36942519491
29,3435987119.042104,39768.36943335768
29,3435987119.747367,39768.369441520445
29,3435987120.45263,39768.36944968322
29,3435987121.157893,39768.36945784598
29,3435987121.8631563,39768.36946600875
29,3435987122.5684195,39768.36947417152
29,3435987123.2736826,39768.36948233429
29,3435987123.9789457,39768.369490497054
29,3435987124.684209,39768.36949865983
29,3435987125.389472,39768.36950682259
29,3435987126.094735,39768.36951498536
29,3435987126.7999983,39768.369523148125
29,3435987127.5052614,39768.3695313109
29,3435987128.2105246,39768.369539473664
29,3435987128.9157877,39768.36954763644
29,3435987129.621051,39768.3695557992
29,3435987130.326314,39768.36956396197
