id,seconds,time
3,3437514876.9643917,39786.051816717496
3,3437514877.667656,39786.05182485713
3,3437514878.37092,39786.05183299676
3,3437514879.074184,39786.05184113639
3,3437514879.777448,39786.05184927602
3,3437514880.4807124,39786.05185741565
3,3437514881.1839767,39786.05186555529
3,3437514881.8872404,39786.051873694916
3,3437514882.5905046,39786.051881834544
3,3437514883.293769,39786.05188997417
3,3437514883.9970326,39786.0518981138
3,3437514884.700297,39786.05190625344
3,3437514885.403561,39786.051914393065
3,3437514886.1068254,39786.0519225327
3,3437514886.810089,39786.05193067233
3,3437514887.5133533,39786.05193881196
3,3437514888.2166176,39786.05194695159
3,3437514888.919882,39786.05195509122
3,3437514889.6231456,39786.05196323085
9,3437514927.5994077,39786.052402770925
9,3437514928.3026714,39786.05241091055
9,3437514929.0059357,39786.05241905018
9,3437514929.7092,39786.05242718982
