id,seconds,time
75,3437804555.560976,39789.40457825203
75,3437804556.268293,39789.40458643857
75,3437804556.97561,39789.40459462511
75,3437804557.682927,39789.40460281166
75,3437804558.390244,39789.404610998194
