id,seconds,time
75,3438134452.559384,39793.222830548424
75,3438134453.2643647,39793.22283870792
75,3438134453.9693456,39793.22284686743
75,3438134454.6743264,39793.22285502693
75,3438134455.3793073,39793.22286318643
75,3438134456.084288,39793.222871345926
75,3438134456.789269,39793.222879505425
75,3438134457.49425,39793.22288766493
75,3438134458.1992307,39793.22289582443
75,3438134458.9042115,39793.22290398393
75,3438134459.6091924,39793.222912143436
75,3438134460.314173,39793.222920302935
75,3438134461.019154,39793.22292846243
75,3438134461.724135,39793.22293662193
75,3438134462.429116,39793.22294478143
0,3438134492.0383124,39793.22328748047
0,3438134492.7432933,39793.22329563997
0,3438134493.448274,39793.223303799474
0,3438134494.153255,39793.22331195897
0,3438134494.858236,39793.22332011847
65,3438134537.157088,39793.22380968852
45,3438134537.8620687,39793.22381784802
65,3438134537.8620687,39793.22381784802
45,3438134538.5670495,39793.22382600752
65,3438134538.5670495,39793.22382600752
45,3438134539.2720304,39793.223834167016
65,3438134539.2720304,39793.223834167016
45,3438134539.977011,39793.223842326515
65,3438134539.977011,39793.223842326515
45,3438134540.681992,39793.223850486014
65,3438134540.681992,39793.223850486014
45,3438134541.386973,39793.22385864552
65,3438134541.386973,39793.22385864552
45,3438134542.0919538,39793.22386680502
65,3438134542.0919538,39793.22386680502
45,3438134542.7969346,39793.22387496452
65,3438134542.7969346,39793.22387496452
45,3438134543.5019155,39793.22388312402
65,3438134543.5019155,39793.22388312402
45,3438134544.2068963,39793.22389128352
65,3438134544.2068963,39793.22389128352
45,3438134544.911877,39793.22389944302
65,3438134544.911877,39793.22389944302
45,3438134545.616858,39793.22390760252
65,3438134545.616858,39793.22390760252
45,3438134546.321839,39793.22391576203
65,3438134546.321839,39793.22391576203
45,3438134547.0268197,39793.22392392153
65,3438134547.0268197,39793.22392392153
45,3438134547.7318006,39793.223932081026
65,3438134547.7318006,39793.223932081026
45,3438134548.4367814,39793.223940240525
65,3438134548.4367814,39793.223940240525
45,3438134549.1417623,39793.22394840003
65,3438134549.1417623,39793.22394840003
65,3438134549.846743,39793.22395655953
65,3438134550.551724,39793.22396471903
65,3438134551.256705,39793.22397287853
65,3438134551.9616857,39793.22398103803
65,3438134552.6666665,39793.223989197526
