id,seconds,time
7,3428659583.124379,39683.5599898655
7,3428659583.830847,39683.559998042205
7,3428659584.5373144,39683.56000621892
7,3428659585.243782,39683.560014395625
7,3428659585.9502497,39683.56002257234
7,3428659586.6567173,39683.560030749046
7,3428659587.363185,39683.56003892575
7,3428659588.0696526,39683.56004710246
7,3428659588.77612,39683.56005527917
7,3428659589.482588,39683.56006345588
7,3428659590.1890554,39683.560071632586
7,3428659590.8955235,39683.5600798093
7,3428659591.601991,39683.56008798601
7,3428659592.308459,39683.56009616271
7,3428659593.0149264,39683.56010433943
