id,seconds,time
65,3435388714.259257,39761.44345207473
65,3435388714.9629607,39761.44346021945
65,3435388715.666664,39761.44346836417
65,3435388716.370368,39761.44347650889
65,3435388717.074072,39761.44348465361
65,3435388717.7777753,39761.443492798324
65,3435388718.481479,39761.443500943045
65,3435388719.185183,39761.44350908777
65,3435388719.8888865,39761.44351723248
65,3435388720.5925903,39761.44352537721
65,3435388721.296294,39761.44353352193
