id,seconds,time
28,3435531580.3302283,39763.096994562824
28,3435531581.0325537,39763.09700269159
28,3435531581.7348795,39763.09701082036
28,3435531582.437205,39763.09701894913
28,3435531583.1395307,39763.0970270779
28,3435531583.841856,39763.097035206665
28,3435531584.544182,39763.09704333544
28,3435531585.246507,39763.0970514642
28,3435531585.948833,39763.097059592976
28,3435531586.6511583,39763.09706772174
28,3435531587.353484,39763.097075850514
28,3435531588.0558095,39763.09708397928
28,3435531588.7581353,39763.097092108044
28,3435531589.4604607,39763.09710023681
28,3435531590.1627865,39763.09710836558
28,3435531590.865112,39763.09711649435
28,3435531591.5674376,39763.09712462312
28,3435531592.269763,39763.097132751886
28,3435531592.972089,39763.09714088066
28,3435531593.674414,39763.09714900942
28,3435531594.37674,39763.097157138196
28,3435531595.0790653,39763.09716526696
28,3435531595.781391,39763.097173395734
28,3435531596.4837165,39763.0971815245
28,3435531597.1860423,39763.09718965327
28,3435531597.8883677,39763.09719778203
28,3435531598.5906935,39763.0972059108
28,3435531599.293019,39763.09721403957
28,3435531599.9953446,39763.09722216834
28,3435531600.69767,39763.097230297106
28,3435531601.399996,39763.09723842588
57,3435531805.776742,39763.09960389748
57,3435531806.4790673,39763.09961202624
57,3435531807.181393,39763.09962015501
57,3435531807.8837185,39763.09962828378
57,3435531808.5860443,39763.09963641255
57,3435531809.2883697,39763.09964454132
57,3435531809.9906955,39763.09965267009
57,3435531810.693021,39763.099660798856
57,3435531811.3953466,39763.09966892762
57,3435531828.9534864,39763.099872146835
57,3435531829.655812,39763.0998802756
57,3435531830.3581376,39763.09988840437
57,3435531831.060463,39763.09989653313
57,3435531831.762789,39763.0999046619
57,3435531832.465114,39763.09991279067
57,3435531833.16744,39763.09992091944
57,3435531833.8697653,39763.099929048214
57,3435531834.572091,39763.09993717699
57,3435531835.2744164,39763.099945305745
57,3435531835.9767423,39763.09995343452
57,3435531836.6790676,39763.09996156328
57,3435531837.3813934,39763.09996969205
57,3435531838.083719,39763.09997782081
57,3435531838.7860446,39763.099985949586
57,3435531839.48837,39763.09999407835
57,3435531840.190696,39763.100002207124
57,3435531840.893021,39763.1000103359
57,3435531841.595347,39763.10001846466
57,3435531842.2976723,39763.10002659343
57,3435531842.999998,39763.1000347222
