id,seconds,time
75,3428736889.4705877,39684.454739242916
75,3428736890.17647,39684.45474741284
75,3428736890.8823524,39684.45475558278
75,3428736891.5882344,39684.454763752714
75,3428736892.294117,39684.454771922654
75,3428736892.9999995,39684.45478009259
75,3428736893.7058816,39684.45478826252
75,3428736894.411764,39684.45479643246
75,3428736895.117646,39684.454804602385
