id,seconds,time
65,3437720310.2953615,39788.42951730743
65,3437720311.000003,39788.429525463
