id,seconds,time
75,3429344516.9056587,39691.48746418586
75,3429344517.610061,39691.48747233867
75,3429344518.3144636,39691.48748049147
