id,seconds,time
75,3432302032.975608,39725.717974254716
75,3432302033.679441,39725.71798240093
75,3432302034.3832736,39725.71799054714
75,3432302035.087106,39725.717998693355
75,3432302035.790939,39725.71800683957
75,3432302036.494772,39725.71801498579
75,3432302037.1986046,39725.718023132
75,3432302037.902437,39725.718031278215
75,3432302038.6062703,39725.71803942443
75,3432302039.310103,39725.718047570634
75,3432302040.0139356,39725.71805571685
