id,seconds,time
50,3440707237.3904104,39823.00043275938
50,3440707238.0958896,39823.00044092465
50,3440707238.801369,39823.00044908992
50,3440707239.506849,39823.00045725519
