sensor ID,norm_secs (secs),time (days)
5.000000000000000000e+00,3.303858540765791076e+03,3.979342308864036022e+04
